"STATION","NAME","LATITUDE","LONGITUDE","ELEVATION","DATE","AWND","AWND_ATTRIBUTES","PRCP","PRCP_ATTRIBUTES","TAVG","TAVG_ATTRIBUTES","TMAX","TMAX_ATTRIBUTES","TMIN","TMIN_ATTRIBUTES"
"US1CANP0003","CALISTOGA 0.4 SSE, CA US","38.5764","-122.578","106.1","2013-01",,,"1.04",",a,,N",,,,,,
"US1CANP0003","CALISTOGA 0.4 SSE, CA US","38.5764","-122.578","106.1","2013-02",,,"0.38",",,,N",,,,,,
"US1CANP0003","CALISTOGA 0.4 SSE, CA US","38.5764","-122.578","106.1","2013-03",,,"1.64",",a,,N",,,,,,
"US1CANP0003","CALISTOGA 0.4 SSE, CA US","38.5764","-122.578","106.1","2013-04",,,"1.35","1,,,N",,,,,,
"US1CANP0003","CALISTOGA 0.4 SSE, CA US","38.5764","-122.578","106.1","2013-05",,,"0.00","4,T,,N",,,,,,
"US1CANP0003","CALISTOGA 0.4 SSE, CA US","38.5764","-122.578","106.1","2013-07",,,"0.00","1,T,,N",,,,,,
"US1CANP0003","CALISTOGA 0.4 SSE, CA US","38.5764","-122.578","106.1","2013-08",,,"0.00","5,,,N",,,,,,
"US1CANP0003","CALISTOGA 0.4 SSE, CA US","38.5764","-122.578","106.1","2013-09",,,"0.63","1,,,N",,,,,,
"US1CANP0003","CALISTOGA 0.4 SSE, CA US","38.5764","-122.578","106.1","2013-10",,,"0.05",",,,N",,,,,,
"US1CANP0003","CALISTOGA 0.4 SSE, CA US","38.5764","-122.578","106.1","2013-11",,,"1.05",",,,N",,,,,,
"US1CANP0003","CALISTOGA 0.4 SSE, CA US","38.5764","-122.578","106.1","2013-12",,,"0.59",",,,N",,,,,,
"US1CANP0003","CALISTOGA 0.4 SSE, CA US","38.5764","-122.578","106.1","2014-01",,,"0.14",",,,N",,,,,,
"US1CANP0003","CALISTOGA 0.4 SSE, CA US","38.5764","-122.578","106.1","2014-02",,,"11.69",",,,N",,,,,,
"US1CANP0003","CALISTOGA 0.4 SSE, CA US","38.5764","-122.578","106.1","2014-03",,,"3.05","4,,,N",,,,,,
"US1CANP0003","CALISTOGA 0.4 SSE, CA US","38.5764","-122.578","106.1","2014-04",,,"1.74","2,a,,N",,,,,,
"US1CANP0003","CALISTOGA 0.4 SSE, CA US","38.5764","-122.578","106.1","2014-05",,,"0.02",",,,N",,,,,,
"US1CANP0003","CALISTOGA 0.4 SSE, CA US","38.5764","-122.578","106.1","2014-06",,,"0.00",",,,N",,,,,,
"US1CANP0003","CALISTOGA 0.4 SSE, CA US","38.5764","-122.578","106.1","2014-07",,,"0.00",",T,,N",,,,,,
"US1CANP0003","CALISTOGA 0.4 SSE, CA US","38.5764","-122.578","106.1","2014-08",,,"0.00",",T,,N",,,,,,
"US1CANP0003","CALISTOGA 0.4 SSE, CA US","38.5764","-122.578","106.1","2014-09",,,"0.52","2,,,N",,,,,,
"US1CANP0003","CALISTOGA 0.4 SSE, CA US","38.5764","-122.578","106.1","2014-10",,,"0.97",",,,N",,,,,,
"US1CANP0003","CALISTOGA 0.4 SSE, CA US","38.5764","-122.578","106.1","2014-11",,,"3.85",",,,N",,,,,,
"US1CANP0003","CALISTOGA 0.4 SSE, CA US","38.5764","-122.578","106.1","2014-12",,,"15.24",",,,N",,,,,,
"US1CANP0003","CALISTOGA 0.4 SSE, CA US","38.5764","-122.578","106.1","2015-01",,,"0.11",",,,N",,,,,,
"US1CANP0003","CALISTOGA 0.4 SSE, CA US","38.5764","-122.578","106.1","2015-02",,,"5.02",",,,N",,,,,,
"US1CANP0003","CALISTOGA 0.4 SSE, CA US","38.5764","-122.578","106.1","2015-03",,,"0.20",",,,N",,,,,,
"US1CANP0003","CALISTOGA 0.4 SSE, CA US","38.5764","-122.578","106.1","2015-04",,,"2.06",",,,N",,,,,,
"US1CANP0003","CALISTOGA 0.4 SSE, CA US","38.5764","-122.578","106.1","2015-05",,,"0.01",",,,N",,,,,,
"US1CANP0003","CALISTOGA 0.4 SSE, CA US","38.5764","-122.578","106.1","2015-08",,,"0.02",",,,N",,,,,,
"US1CANP0003","CALISTOGA 0.4 SSE, CA US","38.5764","-122.578","106.1","2015-09",,,"0.57",",,,N",,,,,,
"US1CANP0003","CALISTOGA 0.4 SSE, CA US","38.5764","-122.578","106.1","2015-10",,,"0.12",",,,N",,,,,,
"US1CANP0003","CALISTOGA 0.4 SSE, CA US","38.5764","-122.578","106.1","2015-11",,,"1.70","2,,,N",,,,,,
"US1CANP0003","CALISTOGA 0.4 SSE, CA US","38.5764","-122.578","106.1","2015-12",,,"8.06",",,,N",,,,,,
"US1CANP0003","CALISTOGA 0.4 SSE, CA US","38.5764","-122.578","106.1","2016-02",,,"1.70",",,,N",,,,,,
"US1CANP0003","CALISTOGA 0.4 SSE, CA US","38.5764","-122.578","106.1","2016-03",,,"12.15","1,a,,N",,,,,,
"US1CANP0003","CALISTOGA 0.4 SSE, CA US","38.5764","-122.578","106.1","2016-04",,,"1.65","3,,,N",,,,,,
"US1CANP0003","CALISTOGA 0.4 SSE, CA US","38.5764","-122.578","106.1","2016-05",,,"0.67",",,,N",,,,,,
"US1CANP0003","CALISTOGA 0.4 SSE, CA US","38.5764","-122.578","106.1","2016-06",,,"0.03",",,,N",,,,,,
"US1CANP0003","CALISTOGA 0.4 SSE, CA US","38.5764","-122.578","106.1","2016-07",,,"0.00",",,,N",,,,,,
"US1CANP0003","CALISTOGA 0.4 SSE, CA US","38.5764","-122.578","106.1","2016-08",,,"0.00","1,T,,N",,,,,,
"US1CANP0003","CALISTOGA 0.4 SSE, CA US","38.5764","-122.578","106.1","2016-09",,,"0.00","1,,,N",,,,,,
"US1CANP0003","CALISTOGA 0.4 SSE, CA US","38.5764","-122.578","106.1","2016-10",,,"7.65","1,,,N",,,,,,
"US1CANP0003","CALISTOGA 0.4 SSE, CA US","38.5764","-122.578","106.1","2016-12",,,"6.84",",a,,N",,,,,,
"US1CANP0003","CALISTOGA 0.4 SSE, CA US","38.5764","-122.578","106.1","2017-01",,,"22.07",",a,,N",,,,,,
"US1CANP0003","CALISTOGA 0.4 SSE, CA US","38.5764","-122.578","106.1","2017-02",,,"17.47",",,,N",,,,,,
"US1CANP0003","CALISTOGA 0.4 SSE, CA US","38.5764","-122.578","106.1","2017-03",,,"3.49","1,,,N",,,,,,
"US1CANP0003","CALISTOGA 0.4 SSE, CA US","38.5764","-122.578","106.1","2017-05",,,"0.00",",T,,N",,,,,,
"US1CANP0003","CALISTOGA 0.4 SSE, CA US","38.5764","-122.578","106.1","2017-06",,,"0.22","1,,,N",,,,,,
"US1CANP0003","CALISTOGA 0.4 SSE, CA US","38.5764","-122.578","106.1","2017-07",,,"0.00",",,,N",,,,,,
"US1CANP0003","CALISTOGA 0.4 SSE, CA US","38.5764","-122.578","106.1","2017-08",,,"0.02",",,,N",,,,,,
"US1CANP0003","CALISTOGA 0.4 SSE, CA US","38.5764","-122.578","106.1","2017-09",,,"0.00",",T,,N",,,,,,
"US1CANP0003","CALISTOGA 0.4 SSE, CA US","38.5764","-122.578","106.1","2017-10",,,"0.36",",,,N",,,,,,
"US1CANP0003","CALISTOGA 0.4 SSE, CA US","38.5764","-122.578","106.1","2017-12",,,"0.09",",,,N",,,,,,
"US1CANP0003","CALISTOGA 0.4 SSE, CA US","38.5764","-122.578","106.1","2018-01",,,"6.15",",,,N",,,,,,
"US1CANP0003","CALISTOGA 0.4 SSE, CA US","38.5764","-122.578","106.1","2018-02",,,"0.19",",,,N",,,,,,
"US1CANP0003","CALISTOGA 0.4 SSE, CA US","38.5764","-122.578","106.1","2018-03",,,"9.07",",,,N",,,,,,
"US1CANP0003","CALISTOGA 0.4 SSE, CA US","38.5764","-122.578","106.1","2018-04",,,"3.11",",a,,N",,,,,,
"US1CANP0003","CALISTOGA 0.4 SSE, CA US","38.5764","-122.578","106.1","2018-05",,,"0.06",",,,N",,,,,,
"US1CANP0003","CALISTOGA 0.4 SSE, CA US","38.5764","-122.578","106.1","2018-06",,,"0.00",",,,N",,,,,,
"US1CANP0003","CALISTOGA 0.4 SSE, CA US","38.5764","-122.578","106.1","2018-07",,,"0.00",",T,,N",,,,,,
"US1CANP0003","CALISTOGA 0.4 SSE, CA US","38.5764","-122.578","106.1","2018-08",,,"0.00",",,,N",,,,,,
"US1CANP0003","CALISTOGA 0.4 SSE, CA US","38.5764","-122.578","106.1","2018-09",,,"0.04",",,,N",,,,,,
"US1CANP0003","CALISTOGA 0.4 SSE, CA US","38.5764","-122.578","106.1","2018-10",,,"1.30",",,,N",,,,,,
"US1CANP0003","CALISTOGA 0.4 SSE, CA US","38.5764","-122.578","106.1","2018-11",,,"4.83",",,,N",,,,,,
"US1CANP0003","CALISTOGA 0.4 SSE, CA US","38.5764","-122.578","106.1","2018-12",,,"3.82",",,,N",,,,,,
"US1CANP0003","CALISTOGA 0.4 SSE, CA US","38.5764","-122.578","106.1","2019-01",,,"10.43",",a,,N",,,,,,
"US1CANP0003","CALISTOGA 0.4 SSE, CA US","38.5764","-122.578","106.1","2019-02",,,"19.92",",a,,N",,,,,,
"US1CANP0003","CALISTOGA 0.4 SSE, CA US","38.5764","-122.578","106.1","2019-03",,,"8.07",",a,,N",,,,,,
"US1CANP0003","CALISTOGA 0.4 SSE, CA US","38.5764","-122.578","106.1","2019-04",,,"1.38",",,,N",,,,,,
"US1CANP0003","CALISTOGA 0.4 SSE, CA US","38.5764","-122.578","106.1","2019-05",,,"3.96",",a,,N",,,,,,
"US1CANP0003","CALISTOGA 0.4 SSE, CA US","38.5764","-122.578","106.1","2019-06",,,"0.00",",,,N",,,,,,
"US1CANP0003","CALISTOGA 0.4 SSE, CA US","38.5764","-122.578","106.1","2019-07",,,"0.00",",,,N",,,,,,
"US1CANP0003","CALISTOGA 0.4 SSE, CA US","38.5764","-122.578","106.1","2019-08",,,"0.00",",,,N",,,,,,
"US1CANP0003","CALISTOGA 0.4 SSE, CA US","38.5764","-122.578","106.1","2019-09",,,"0.16",",,,N",,,,,,
"US1CANP0003","CALISTOGA 0.4 SSE, CA US","38.5764","-122.578","106.1","2019-10",,,"0.00",",T,,N",,,,,,
"US1CANP0003","CALISTOGA 0.4 SSE, CA US","38.5764","-122.578","106.1","2019-11",,,"0.84",",,,N",,,,,,
"US1CANP0003","CALISTOGA 0.4 SSE, CA US","38.5764","-122.578","106.1","2019-12",,,"10.86",",a,,N",,,,,,
"USC00041312","CALISTOGA, CA US","38.57682","-122.57811","106.7","2013-01",,,"1.27",",,,7","45.7",",7","61.5",",,,7","29.9",",,,7"
"USC00041312","CALISTOGA, CA US","38.57682","-122.57811","106.7","2013-02",,,"0.58",",,,7","50.6",",7","64.3",",,,7","36.9",",,,7"
"USC00041312","CALISTOGA, CA US","38.57682","-122.57811","106.7","2013-03",,,"1.79",",,,7","52.2",",7","68.0",",,,7","36.5",",,,7"
"USC00041312","CALISTOGA, CA US","38.57682","-122.57811","106.7","2013-04",,,"1.36",",,,7","61.2",",7","77.8",",,,7","44.6",",,,7"
"USC00041312","CALISTOGA, CA US","38.57682","-122.57811","106.7","2013-05",,,"0.00",",,,7","64.9",",7","82.5",",,,7","47.4",",,,7"
"USC00041312","CALISTOGA, CA US","38.57682","-122.57811","106.7","2013-06",,,"0.75",",,,7","69.6",",7","88.9",",,,7","50.4",",,,7"
"USC00041312","CALISTOGA, CA US","38.57682","-122.57811","106.7","2013-07",,,"0.00",",,,7","72.4","1,7","92.2",",,,7","52.6","1,,,7"
"USC00041312","CALISTOGA, CA US","38.57682","-122.57811","106.7","2013-08",,,"0.00",",,,7","69.8",",7","87.9",",,,7","51.6",",,,7"
"USC00041312","CALISTOGA, CA US","38.57682","-122.57811","106.7","2013-09",,,"0.12",",,,7","67.7",",7","86.0",",,,7","49.3",",,,7"
"USC00041312","CALISTOGA, CA US","38.57682","-122.57811","106.7","2013-10",,,"0.00",",,,7","58.4",",7","79.7",",,,7","37.0",",,,7"
"USC00041312","CALISTOGA, CA US","38.57682","-122.57811","106.7","2013-11",,,"0.48",",,,7","53.5",",7","70.4",",,,7","36.6",",,,7"
"USC00041312","CALISTOGA, CA US","38.57682","-122.57811","106.7","2013-12",,,"0.10",",,,7","46.2",",7","64.7",",,,7","27.7",",,,7"
"USC00041312","CALISTOGA, CA US","38.57682","-122.57811","106.7","2014-01",,,"0.20",",,,7","52.1",",7","71.8",",,,7","32.4",",,,7"
"USC00041312","CALISTOGA, CA US","38.57682","-122.57811","106.7","2014-02",,,"10.13","1,,,7","51.8","1,7","62.5","1,,,7","41.1","1,,,7"
"USC00041312","CALISTOGA, CA US","38.57682","-122.57811","106.7","2014-03",,,"3.58",",,,7","56.5",",7","67.0",",,,7","46.0",",,,7"
"USC00041312","CALISTOGA, CA US","38.57682","-122.57811","106.7","2014-04",,,"1.12",",,,7","58.6",",7","71.1",",,,7","46.1",",,,7"
"USC00041312","CALISTOGA, CA US","38.57682","-122.57811","106.7","2014-05",,,"0.02",",,,7","65.3",",7","80.1",",,,7","50.4",",,,7"
"USC00041312","CALISTOGA, CA US","38.57682","-122.57811","106.7","2014-06",,,"0.00",",,,7","69.5",",7","86.3",",,,7","52.6",",,,7"
"USC00041312","CALISTOGA, CA US","38.57682","-122.57811","106.7","2014-07",,,"0.00",",,,7","72.5","1,7","88.4","1,,,7","56.5",",,,7"
"USC00041312","CALISTOGA, CA US","38.57682","-122.57811","106.7","2014-08",,,"0.08",",,,7","71.3",",7","86.3",",,,7","56.3",",,,7"
"USC00041312","CALISTOGA, CA US","38.57682","-122.57811","106.7","2014-09",,,"0.80",",,,7","69.2",",7","83.7",",,,7","54.6",",,,7"
"USC00041312","CALISTOGA, CA US","38.57682","-122.57811","106.7","2014-10",,,"0.98",",,,7","67.7",",7","81.1",",,,7","54.2",",,,7"
"USC00041312","CALISTOGA, CA US","38.57682","-122.57811","106.7","2014-11",,,"1.48",",,,7","56.7",",7","66.8",",,,7","46.7",",,,7"
"USC00041312","CALISTOGA, CA US","38.57682","-122.57811","106.7","2014-12",,,"15.33","1,,,7","51.3","1,7","57.1","1,,,7","45.5","1,,,7"
"USC00041312","CALISTOGA, CA US","38.57682","-122.57811","106.7","2015-01",,,"0.17",",,,7","53.3",",7","65.4",",,,7","41.4",",,,7"
"USC00041312","CALISTOGA, CA US","38.57682","-122.57811","106.7","2015-02",,,"5.22",",,,7","56.7",",7","69.5",",,,7","44.0",",,,7"
"USC00041312","CALISTOGA, CA US","38.57682","-122.57811","106.7","2015-03",,,"0.31",",,,7","59.6",",7","72.9",",,,7","46.2",",,,7"
"USC00041312","CALISTOGA, CA US","38.57682","-122.57811","106.7","2015-04",,,"2.15",",,,7","58.9",",7","73.0",",,,7","44.9",",,,7"
"USC00041312","CALISTOGA, CA US","38.57682","-122.57811","106.7","2015-05",,,"0.01",",,,7","60.1",",7","72.0",",,,7","48.3",",,,7"
"USC00041312","CALISTOGA, CA US","38.57682","-122.57811","106.7","2015-06",,,"0.11",",,,7","69.9",",7","87.3",",,,7","52.6",",,,7"
"USC00041312","CALISTOGA, CA US","38.57682","-122.57811","106.7","2015-07",,,"0.11",",,,7","71.4",",7","88.2",",,,7","54.6",",,,7"
"USC00041312","CALISTOGA, CA US","38.57682","-122.57811","106.7","2015-08",,,"0.03",",,,7","72.8",",7","89.5",",,,7","56.0",",,,7"
"USC00041312","CALISTOGA, CA US","38.57682","-122.57811","106.7","2015-09",,,"0.56",",,,7","71.3",",7","90.2",",,,7","52.5",",,,7"
"USC00041312","CALISTOGA, CA US","38.57682","-122.57811","106.7","2015-10",,,"0.10",",,,7","66.5",",7","83.5",",,,7","49.5",",,,7"
"USC00041312","CALISTOGA, CA US","38.57682","-122.57811","106.7","2015-11",,,"1.81",",,,7","50.8",",7","66.6",",,,7","35.0",",,,7"
"USC00041312","CALISTOGA, CA US","38.57682","-122.57811","106.7","2015-12",,,"8.70",",,,7","46.0",",7","55.5",",,,7","36.4",",,,7"
"USC00041312","CALISTOGA, CA US","38.57682","-122.57811","106.7","2016-01",,,"11.53",",,,7","49.1",",7","56.0",",,,7","42.1",",,,7"
"USC00041312","CALISTOGA, CA US","38.57682","-122.57811","106.7","2016-02",,,"1.57",",,,7","57.3",",7","70.4",",,,7","44.1",",,,7"
"USC00041312","CALISTOGA, CA US","38.57682","-122.57811","106.7","2016-03",,,"12.29",",,,7","55.4",",7","64.0",",,,7","46.8",",,,7"
"USC00041312","CALISTOGA, CA US","38.57682","-122.57811","106.7","2016-04",,,"1.69",",,,7","60.3",",7","71.9",",,,7","48.7",",,,7"
"USC00041312","CALISTOGA, CA US","38.57682","-122.57811","106.7","2016-05",,,"0.27",",,,7","63.4",",7","76.2",",,,7","50.7",",,,7"
"USC00041312","CALISTOGA, CA US","38.57682","-122.57811","106.7","2016-06",,,"0.03",",,,7","70.5",",7","87.3",",,,7","53.8",",,,7"
"USC00041312","CALISTOGA, CA US","38.57682","-122.57811","106.7","2016-07",,,"0.00",",,,7","71.5",",7","89.0",",,,7","54.1",",,,7"
"USC00041312","CALISTOGA, CA US","38.57682","-122.57811","106.7","2016-08",,,"0.00",",,,7","69.5",",7","85.8",",,,7","53.2",",,,7"
"USC00041312","CALISTOGA, CA US","38.57682","-122.57811","106.7","2016-09",,,"0.00",",,,7","69.4",",7","86.3",",,,7","52.6",",,,7"
"USC00041312","CALISTOGA, CA US","38.57682","-122.57811","106.7","2016-10",,,"8.04",",,,7","60.9",",7","72.1",",,,7","49.7",",,,7"
"USC00041312","CALISTOGA, CA US","38.57682","-122.57811","106.7","2016-11",,,"4.00",",,,7","54.8",",7","65.3",",,,7","44.4",",,,7"
"USC00041312","CALISTOGA, CA US","38.57682","-122.57811","106.7","2016-12",,,"5.74",",,,7","46.5",",7","56.0",",,,7","37.0",",,,7"
"USC00041312","CALISTOGA, CA US","38.57682","-122.57811","106.7","2017-01",,,"15.69",",,,7","46.3",",7","53.3",",,,7","39.3",",,,7"
"USC00041312","CALISTOGA, CA US","38.57682","-122.57811","106.7","2017-02",,,"10.77",",,,7","50.5",",7","57.1",",,,7","43.9",",,,7"
"USC00041312","CALISTOGA, CA US","38.57682","-122.57811","106.7","2017-03",,,"2.96",",,,7","55.1",",7","66.0",",,,7","44.3",",,,7"
"USC00041312","CALISTOGA, CA US","38.57682","-122.57811","106.7","2017-04",,,"4.20",",,,7","55.9",",7","67.0",",,,7","44.7",",,,7"
"USC00041312","CALISTOGA, CA US","38.57682","-122.57811","106.7","2017-05",,,"0.04",",,,7","63.9",",7","77.8",",,,7","49.9",",,,7"
"USC00041312","CALISTOGA, CA US","38.57682","-122.57811","106.7","2017-06",,,"0.00",",,,7","70.6",",7","86.1",",,,7","55.1",",,,7"
"USC00041312","CALISTOGA, CA US","38.57682","-122.57811","106.7","2017-07",,,"0.00",",,,7","73.6",",7","94.6",",,,7","52.6",",,,7"
"USC00041312","CALISTOGA, CA US","38.57682","-122.57811","106.7","2017-08",,,"0.00",",,,7","74.5",",7","91.3",",,,7","57.7",",,,7"
"USC00041312","CALISTOGA, CA US","38.57682","-122.57811","106.7","2017-09",,,"0.00",",,,7","72.6",",7","89.4",",,,7","55.7",",,,7"
"USC00041312","CALISTOGA, CA US","38.57682","-122.57811","106.7","2018-07",,,"0.00",",,,7","70.1",",7","86.1",",,,7","54.2",",,,7"
"USC00041312","CALISTOGA, CA US","38.57682","-122.57811","106.7","2018-10",,,"1.35",",,,7","63.7",",7","79.3",",,,7","48.1",",,,7"
"USC00041312","CALISTOGA, CA US","38.57682","-122.57811","106.7","2019-02",,,"11.58",",,,7","45.8",",7","54.1",",,,7","37.5",",,,7"
"USC00041312","CALISTOGA, CA US","38.57682","-122.57811","106.7","2019-03",,,"8.02",",,,7","53.9",",7","63.9",",,,7","43.9",",,,7"
"USC00041312","CALISTOGA, CA US","38.57682","-122.57811","106.7","2019-05",,,"4.28",",,,7","60.4",",7","72.1",",,,7","48.6",",,,7"
"USC00041312","CALISTOGA, CA US","38.57682","-122.57811","106.7","2019-06",,,"0.00",",,,7","70.7",",7","86.8",",,,7","54.6",",,,7"
"USC00041312","CALISTOGA, CA US","38.57682","-122.57811","106.7","2019-07",,,"0.00",",,,7","73.1","1,7","90.8","1,,,7","55.3","1,,,7"
"USC00041312","CALISTOGA, CA US","38.57682","-122.57811","106.7","2019-08",,,"0.00",",,,7","73.5","1,7","91.0","1,,,7","56.0",",,,7"
"USC00041312","CALISTOGA, CA US","38.57682","-122.57811","106.7","2019-09",,,"0.20",",,,7","69.3",",7","86.4",",,,7","52.3",",,,7"
"USC00041312","CALISTOGA, CA US","38.57682","-122.57811","106.7","2019-10",,,"0.00",",,,7","62.8",",7","82.2",",,,7","43.3",",,,7"
"USC00041312","CALISTOGA, CA US","38.57682","-122.57811","106.7","2019-11",,,"0.91",",,,7","55.5",",7","71.5",",,,7","39.4",",,,7"
"USC00041312","CALISTOGA, CA US","38.57682","-122.57811","106.7","2019-12",,,"7.32",",,,7","49.4",",7","56.4",",,,7","42.3",",,,7"
"US1CANP0010","NAPA 2.0 E, CA US","38.301005","-122.262764","66.8","2015-09",,,"0.20",",,,N",,,,,,
"US1CANP0010","NAPA 2.0 E, CA US","38.301005","-122.262764","66.8","2015-10",,,"0.00",",T,,N",,,,,,
"US1CANP0010","NAPA 2.0 E, CA US","38.301005","-122.262764","66.8","2015-12",,,"4.41",",,,N",,,,,,
"US1CANP0010","NAPA 2.0 E, CA US","38.301005","-122.262764","66.8","2016-02",,,"0.88","1,,,N",,,,,,
"US1CANP0010","NAPA 2.0 E, CA US","38.301005","-122.262764","66.8","2016-03",,,"9.28",",a,,N",,,,,,
"US1CANP0010","NAPA 2.0 E, CA US","38.301005","-122.262764","66.8","2016-04",,,"1.06",",a,,N",,,,,,
"US1CANP0010","NAPA 2.0 E, CA US","38.301005","-122.262764","66.8","2016-05",,,"0.33",",a,,N",,,,,,
"US1CANP0010","NAPA 2.0 E, CA US","38.301005","-122.262764","66.8","2016-06",,,"0.00",",,,N",,,,,,
"US1CANP0010","NAPA 2.0 E, CA US","38.301005","-122.262764","66.8","2016-07",,,"0.00",",,,N",,,,,,
"US1CANP0010","NAPA 2.0 E, CA US","38.301005","-122.262764","66.8","2016-08",,,"0.00",",,,N",,,,,,
"US1CANP0010","NAPA 2.0 E, CA US","38.301005","-122.262764","66.8","2016-09",,,"0.00",",,,N",,,,,,
"US1CANP0010","NAPA 2.0 E, CA US","38.301005","-122.262764","66.8","2016-12",,,"5.80",",,,N",,,,,,
"US1CANP0010","NAPA 2.0 E, CA US","38.301005","-122.262764","66.8","2017-01",,,"13.16","1,,,N",,,,,,
"US1CANP0010","NAPA 2.0 E, CA US","38.301005","-122.262764","66.8","2017-02",,,"11.28",",,,N",,,,,,
"US1CANP0010","NAPA 2.0 E, CA US","38.301005","-122.262764","66.8","2017-03",,,"4.65",",,,N",,,,,,
"US1CANP0010","NAPA 2.0 E, CA US","38.301005","-122.262764","66.8","2017-04",,,"3.63",",,,N",,,,,,
"US1CANP0010","NAPA 2.0 E, CA US","38.301005","-122.262764","66.8","2017-05",,,"0.00",",T,,N",,,,,,
"US1CANP0010","NAPA 2.0 E, CA US","38.301005","-122.262764","66.8","2017-06",,,"0.29",",,,N",,,,,,
"US1CANP0010","NAPA 2.0 E, CA US","38.301005","-122.262764","66.8","2017-07",,,"0.00",",,,N",,,,,,
"US1CANP0010","NAPA 2.0 E, CA US","38.301005","-122.262764","66.8","2017-08",,,"0.00",",,,N",,,,,,
"US1CANP0010","NAPA 2.0 E, CA US","38.301005","-122.262764","66.8","2017-09",,,"0.00","1,T,,N",,,,,,
"US1CANP0010","NAPA 2.0 E, CA US","38.301005","-122.262764","66.8","2017-12",,,"0.00",",T,,N",,,,,,
"US1CANP0010","NAPA 2.0 E, CA US","38.301005","-122.262764","66.8","2018-01",,,"5.01",",a,,N",,,,,,
"US1CANP0010","NAPA 2.0 E, CA US","38.301005","-122.262764","66.8","2018-05",,,"0.00",",T,,N",,,,,,
"US1CANP0010","NAPA 2.0 E, CA US","38.301005","-122.262764","66.8","2018-06",,,"0.00",",,,N",,,,,,
"US1CANP0010","NAPA 2.0 E, CA US","38.301005","-122.262764","66.8","2018-07",,,"0.00",",,,N",,,,,,
"US1CANP0010","NAPA 2.0 E, CA US","38.301005","-122.262764","66.8","2018-08",,,"0.00",",,,N",,,,,,
"US1CANP0010","NAPA 2.0 E, CA US","38.301005","-122.262764","66.8","2018-09",,,"0.00",",,,N",,,,,,
"US1CANP0010","NAPA 2.0 E, CA US","38.301005","-122.262764","66.8","2018-10",,,"0.28",",,,N",,,,,,
"US1CANP0010","NAPA 2.0 E, CA US","38.301005","-122.262764","66.8","2018-11",,,"2.73","1,a,,N",,,,,,
"US1CANP0010","NAPA 2.0 E, CA US","38.301005","-122.262764","66.8","2019-01",,,"6.79",",a,,N",,,,,,
"US1CANP0010","NAPA 2.0 E, CA US","38.301005","-122.262764","66.8","2019-05",,,"3.49",",,,N",,,,,,
"US1CANP0010","NAPA 2.0 E, CA US","38.301005","-122.262764","66.8","2019-06",,,"0.00",",,,N",,,,,,
"US1CANP0010","NAPA 2.0 E, CA US","38.301005","-122.262764","66.8","2019-07",,,"0.00",",,,N",,,,,,
"US1CANP0010","NAPA 2.0 E, CA US","38.301005","-122.262764","66.8","2019-08",,,"0.00",",,,N",,,,,,
"US1CANP0010","NAPA 2.0 E, CA US","38.301005","-122.262764","66.8","2019-09",,,"0.05",",,,N",,,,,,
"US1CANP0010","NAPA 2.0 E, CA US","38.301005","-122.262764","66.8","2019-10",,,"0.00",",,,N",,,,,,
"US1CANP0010","NAPA 2.0 E, CA US","38.301005","-122.262764","66.8","2019-11",,,"0.68",",,,N",,,,,,
"USC00046074","NAPA STATE HOSPITAL, CA US","38.2777","-122.2647","10.7","2013-01",,,"0.75",",,,7","46.0",",7","59.3",",,,7","32.6",",,,7"
"USC00046074","NAPA STATE HOSPITAL, CA US","38.2777","-122.2647","10.7","2013-02",,,"0.35",",,,7","50.6",",7","65.1",",,,7","36.1",",,,7"
"USC00046074","NAPA STATE HOSPITAL, CA US","38.2777","-122.2647","10.7","2013-03",,,"0.94",",,,7","56.5",",7","70.2",",,,7","42.9",",,,7"
"USC00046074","NAPA STATE HOSPITAL, CA US","38.2777","-122.2647","10.7","2013-04",,,"1.19","1,,,7","62.9","1,7","77.9","1,,,7","48.0","1,,,7"
"USC00046074","NAPA STATE HOSPITAL, CA US","38.2777","-122.2647","10.7","2013-05",,,"0.34",",,,7","65.1",",7","79.6",",,,7","50.6",",,,7"
"USC00046074","NAPA STATE HOSPITAL, CA US","38.2777","-122.2647","10.7","2013-06",,,"0.68",",,,7","69.0","1,7","83.7","1,,,7","54.3","1,,,7"
"USC00046074","NAPA STATE HOSPITAL, CA US","38.2777","-122.2647","10.7","2013-07",,,"0.00",",,,7","68.7",",7","82.1",",,,7","55.4",",,,7"
"USC00046074","NAPA STATE HOSPITAL, CA US","38.2777","-122.2647","10.7","2013-08",,,"0.00",",,,7","69.2",",7","82.4",",,,7","56.0",",,,7"
"USC00046074","NAPA STATE HOSPITAL, CA US","38.2777","-122.2647","10.7","2013-09",,,"0.67",",,,7","68.9",",7","83.5",",,,7","54.4",",,,7"
"USC00046074","NAPA STATE HOSPITAL, CA US","38.2777","-122.2647","10.7","2013-10",,,"0.00",",,,7","61.5",",7","78.1",",,,7","44.9",",,,7"
"USC00046074","NAPA STATE HOSPITAL, CA US","38.2777","-122.2647","10.7","2013-11",,,"1.13","1,,,7","55.7","1,7","68.4","1,,,7","42.9","1,,,7"
"USC00046074","NAPA STATE HOSPITAL, CA US","38.2777","-122.2647","10.7","2013-12",,,"0.71","2,,,7","47.1","2,7","61.2","2,,,7","33.1","2,,,7"
"USC00046074","NAPA STATE HOSPITAL, CA US","38.2777","-122.2647","10.7","2014-01",,,"0.11","2,,,7","52.5","2,7","67.2","2,,,7","37.9","2,,,7"
"USC00046074","NAPA STATE HOSPITAL, CA US","38.2777","-122.2647","10.7","2014-02",,,"10.91",",,,7","54.2",",7","63.9",",,,7","44.4",",,,7"
"USC00046074","NAPA STATE HOSPITAL, CA US","38.2777","-122.2647","10.7","2014-03",,,"3.37",",,,7","59.1",",7","71.0",",,,7","47.2",",,,7"
"USC00046074","NAPA STATE HOSPITAL, CA US","38.2777","-122.2647","10.7","2014-04",,,"2.88","1,,,7","61.1","1,7","75.2","1,,,7","47.1","1,,,7"
"USC00046074","NAPA STATE HOSPITAL, CA US","38.2777","-122.2647","10.7","2014-05",,,"0.00","1,,,7","66.1","1,7","80.8","1,,,7","51.4","1,,,7"
"USC00046074","NAPA STATE HOSPITAL, CA US","38.2777","-122.2647","10.7","2014-06",,,"0.00",",,,7","69.1",",7","84.4",",,,7","53.8",",,,7"
"USC00046074","NAPA STATE HOSPITAL, CA US","38.2777","-122.2647","10.7","2014-07",,,"0.00",",,,7","70.8",",7","83.9",",,,7","57.8",",,,7"
"USC00046074","NAPA STATE HOSPITAL, CA US","38.2777","-122.2647","10.7","2014-08",,,"0.05",",,,7","69.5",",7","82.1",",,,7","56.9",",,,7"
"USC00046074","NAPA STATE HOSPITAL, CA US","38.2777","-122.2647","10.7","2014-09",,,"0.49",",,,7","69.5","1,7","83.7","1,,,7","55.4","1,,,7"
"USC00046074","NAPA STATE HOSPITAL, CA US","38.2777","-122.2647","10.7","2014-10",,,"0.98",",,,7","66.8","1,7","81.9","1,,,7","51.7","1,,,7"
"USC00046074","NAPA STATE HOSPITAL, CA US","38.2777","-122.2647","10.7","2014-11",,,"2.42",",,,7","56.9",",7","68.0",",,,7","45.8",",,,7"
"USC00046074","NAPA STATE HOSPITAL, CA US","38.2777","-122.2647","10.7","2014-12",,,"11.97",",,,7","53.8","1,7","60.7",",,,7","47.0","1,,,7"
"USC00046074","NAPA STATE HOSPITAL, CA US","38.2777","-122.2647","10.7","2015-01",,,"0.02","1,,,7","51.4","1,7","62.1","1,,,7","40.7","1,,,7"
"USC00046074","NAPA STATE HOSPITAL, CA US","38.2777","-122.2647","10.7","2015-02",,,"2.72","1,,,7","57.0","1,7","68.7","1,,,7","45.2","1,,,7"
"USC00046074","NAPA STATE HOSPITAL, CA US","38.2777","-122.2647","10.7","2015-03",,,"0.10",",,,7","60.2",",7","74.8",",,,7","45.6",",,,7"
"USC00046074","NAPA STATE HOSPITAL, CA US","38.2777","-122.2647","10.7","2015-04",,,"2.12","3,,,7","59.5","3,7","74.4","3,,,7","44.7","3,,,7"
"USC00046074","NAPA STATE HOSPITAL, CA US","38.2777","-122.2647","10.7","2015-05",,,"0.02","1,,,7","60.7","1,7","71.7","1,,,7","49.8","1,,,7"
"USC00046074","NAPA STATE HOSPITAL, CA US","38.2777","-122.2647","10.7","2015-06",,,"0.17","1,,,7","69.0","1,7","83.1","1,,,7","55.0","1,,,7"
"USC00046074","NAPA STATE HOSPITAL, CA US","38.2777","-122.2647","10.7","2015-07",,,"0.01","1,,,7","71.3","2,7","84.1","1,,,7","58.5","2,,,7"
"USC00046074","NAPA STATE HOSPITAL, CA US","38.2777","-122.2647","10.7","2015-08",,,"0.00",",,,7","72.0",",7","86.6",",,,7","57.5",",,,7"
"USC00046074","NAPA STATE HOSPITAL, CA US","38.2777","-122.2647","10.7","2015-09",,,"0.19","1,,,7","71.6","1,7","88.8","1,,,7","54.4","1,,,7"
"USC00046074","NAPA STATE HOSPITAL, CA US","38.2777","-122.2647","10.7","2015-10",,,"0.02","1,,,7","67.8","1,7","82.9","1,,,7","52.7","1,,,7"
"USC00046074","NAPA STATE HOSPITAL, CA US","38.2777","-122.2647","10.7","2015-11",,,"1.82",",,,7","52.3",",7","65.4",",,,7","39.3",",,,7"
"USC00046074","NAPA STATE HOSPITAL, CA US","38.2777","-122.2647","10.7","2015-12",,,"4.54","2,,,7","47.3","2,7","56.5","2,,,7","38.2","2,,,7"
"USC00046074","NAPA STATE HOSPITAL, CA US","38.2777","-122.2647","10.7","2016-01",,,"7.47",",,,7","52.0",",7","58.0",",,,7","46.0",",,,7"
"USC00046074","NAPA STATE HOSPITAL, CA US","38.2777","-122.2647","10.7","2016-02",,,"0.92",",,,7","56.4",",7","69.2",",,,7","43.5",",,,7"
"USC00046074","NAPA STATE HOSPITAL, CA US","38.2777","-122.2647","10.7","2016-03",,,"8.36",",,,7","55.7",",7","66.5",",,,7","44.8",",,,7"
"USC00046074","NAPA STATE HOSPITAL, CA US","38.2777","-122.2647","10.7","2016-04",,,"1.00","1,,,7","61.5","1,7","74.7","1,,,7","48.3","1,,,7"
"USC00046074","NAPA STATE HOSPITAL, CA US","38.2777","-122.2647","10.7","2016-05",,,"0.30",",,,7","64.9",",7","77.6",",,,7","52.3",",,,7"
"USC00046074","NAPA STATE HOSPITAL, CA US","38.2777","-122.2647","10.7","2016-06",,,"0.00","3,,,7","70.3","3,7","86.0","3,,,7","54.6","3,,,7"
"USC00046074","NAPA STATE HOSPITAL, CA US","38.2777","-122.2647","10.7","2016-07",,,"0.00",",,,7","68.7",",7","83.1",",,,7","54.2",",,,7"
"USC00046074","NAPA STATE HOSPITAL, CA US","38.2777","-122.2647","10.7","2016-08",,,"0.00","3,,,7","66.7","3,7","79.1","3,,,7","54.3","3,,,7"
"USC00046074","NAPA STATE HOSPITAL, CA US","38.2777","-122.2647","10.7","2016-09",,,"0.00",",,,7","68.4",",7","84.2",",,,7","52.5",",,,7"
"USC00046074","NAPA STATE HOSPITAL, CA US","38.2777","-122.2647","10.7","2016-10",,,"3.60","3,,,7","62.7","3,7","74.3","3,,,7","51.0","3,,,7"
"USC00046074","NAPA STATE HOSPITAL, CA US","38.2777","-122.2647","10.7","2016-11",,,"2.39","2,,,7","56.0","2,7","66.5","2,,,7","45.6","2,,,7"
"USC00046074","NAPA STATE HOSPITAL, CA US","38.2777","-122.2647","10.7","2016-12",,,"5.65","1,,,7","47.2","1,7","57.2","1,,,7","37.2","1,,,7"
"USC00046074","NAPA STATE HOSPITAL, CA US","38.2777","-122.2647","10.7","2017-01",,,"13.28","1,,,7","48.1","2,7","55.5","1,,,7","40.7","2,,,7"
"USC00046074","NAPA STATE HOSPITAL, CA US","38.2777","-122.2647","10.7","2017-02",,,"11.43",",,,7","52.8",",7","60.7",",,,7","44.9",",,,7"
"USC00046074","NAPA STATE HOSPITAL, CA US","38.2777","-122.2647","10.7","2017-03",,,"4.22",",,,7","57.4",",7","69.8",",,,7","45.0",",,,7"
"USC00046074","NAPA STATE HOSPITAL, CA US","38.2777","-122.2647","10.7","2017-04",,,"3.54","2,,,7","59.3","2,7","71.3","2,,,7","47.4","2,,,7"
"USC00046074","NAPA STATE HOSPITAL, CA US","38.2777","-122.2647","10.7","2017-05",,,"0.00","1,,,7","64.4","1,7","78.8","1,,,7","50.0","1,,,7"
"USC00046074","NAPA STATE HOSPITAL, CA US","38.2777","-122.2647","10.7","2017-06",,,"0.83","1,,,7","69.7","1,7","84.2","1,,,7","55.3","1,,,7"
"USC00046074","NAPA STATE HOSPITAL, CA US","38.2777","-122.2647","10.7","2017-07",,,"0.00",",,,7","70.5",",7","85.6",",,,7","55.5",",,,7"
"USC00046074","NAPA STATE HOSPITAL, CA US","38.2777","-122.2647","10.7","2017-08",,,"0.00","1,,,7","70.2","1,7","82.6","1,,,7","57.8","1,,,7"
"USC00046074","NAPA STATE HOSPITAL, CA US","38.2777","-122.2647","10.7","2017-09",,,"0.08","1,,,7","71.9","1,7","86.7","1,,,7","57.2","1,,,7"
"USC00046074","NAPA STATE HOSPITAL, CA US","38.2777","-122.2647","10.7","2017-10",,,"0.20","4,,,7",,,,,,
"USC00046074","NAPA STATE HOSPITAL, CA US","38.2777","-122.2647","10.7","2017-12",,,"0.03","1,,,7","49.4","1,7","62.5","1,,,7","36.2","1,,,7"
"USC00046074","NAPA STATE HOSPITAL, CA US","38.2777","-122.2647","10.7","2018-01",,,"4.66","3,,,7","50.8","3,7","59.3","3,,,7","42.3","3,,,7"
"USC00046074","NAPA STATE HOSPITAL, CA US","38.2777","-122.2647","10.7","2018-02",,,"0.12","2,,,7","52.0","2,7","66.6","2,,,7","37.4","2,,,7"
"USC00046074","NAPA STATE HOSPITAL, CA US","38.2777","-122.2647","10.7","2018-03",,,"6.58","4,,,7","53.9","4,7","65.3","4,,,7","42.6","4,,,7"
"USC00046074","NAPA STATE HOSPITAL, CA US","38.2777","-122.2647","10.7","2018-04",,,"3.01","4,,,7","60.2","4,7","73.3","4,,,7","47.0","4,,,7"
"USC00046074","NAPA STATE HOSPITAL, CA US","38.2777","-122.2647","10.7","2018-05",,,"0.00","2,,,7","62.5","2,7","75.1","2,,,7","49.9","2,,,7"
"USC00046074","NAPA STATE HOSPITAL, CA US","38.2777","-122.2647","10.7","2018-06",,,"0.00","1,,,7","68.4","1,7","83.9","1,,,7","52.9","1,,,7"
"USC00046074","NAPA STATE HOSPITAL, CA US","38.2777","-122.2647","10.7","2018-07",,,"0.00","5,,,7","69.9","5,7","84.9","5,,,7","54.9","5,,,7"
"USC00046074","NAPA STATE HOSPITAL, CA US","38.2777","-122.2647","10.7","2018-08",,,"0.00","1,,,7","68.1","1,7","81.2","1,,,7","54.9","1,,,7"
"USC00046074","NAPA STATE HOSPITAL, CA US","38.2777","-122.2647","10.7","2018-09",,,"0.00","2,,,7","66.7","2,7","82.6","2,,,7","50.8","2,,,7"
"USC00046074","NAPA STATE HOSPITAL, CA US","38.2777","-122.2647","10.7","2018-10",,,"0.22",",,,7","64.6",",7","79.5",",,,7","49.7",",,,7"
"USC00046074","NAPA STATE HOSPITAL, CA US","38.2777","-122.2647","10.7","2018-11",,,"4.36","1,,,7","56.3","1,7","69.4","1,,,7","43.2","1,,,7"
"USC00046074","NAPA STATE HOSPITAL, CA US","38.2777","-122.2647","10.7","2018-12",,,"2.78","2,,,7","50.6","2,7","59.6","2,,,7","41.6","2,,,7"
"USC00046074","NAPA STATE HOSPITAL, CA US","38.2777","-122.2647","10.7","2019-01",,,"7.22","1,,,7","52.5","1,7","61.5","1,,,7","43.5","1,,,7"
"USC00046074","NAPA STATE HOSPITAL, CA US","38.2777","-122.2647","10.7","2019-02",,,"9.88","3,,,7","48.3","3,7","57.2","3,,,7","39.4","3,,,7"
"USC00046074","NAPA STATE HOSPITAL, CA US","38.2777","-122.2647","10.7","2019-03",,,"5.40","1,,,7","54.3","1,7","65.4","1,,,7","43.3","1,,,7"
"USC00046074","NAPA STATE HOSPITAL, CA US","38.2777","-122.2647","10.7","2019-04",,,"0.45","2,,,7","62.1","2,7","75.3","2,,,7","48.9","2,,,7"
"USC00046074","NAPA STATE HOSPITAL, CA US","38.2777","-122.2647","10.7","2019-05",,,"2.99",",,,7","60.8",",7","71.6",",,,7","50.0",",,,7"
"USC00046074","NAPA STATE HOSPITAL, CA US","38.2777","-122.2647","10.7","2019-06",,,"0.00","1,,,7","70.2","2,7","85.0","2,,,7","55.4","1,,,7"
"USC00046074","NAPA STATE HOSPITAL, CA US","38.2777","-122.2647","10.7","2019-07",,,"0.00","2,,,7","69.6","2,7","83.3","2,,,7","55.8","2,,,7"
"USC00046074","NAPA STATE HOSPITAL, CA US","38.2777","-122.2647","10.7","2019-08",,,"0.00",",,,7","72.1",",7","86.7",",,,7","57.5",",,,7"
"USC00046074","NAPA STATE HOSPITAL, CA US","38.2777","-122.2647","10.7","2019-09",,,"0.00","2,,,7","71.0","3,7","88.2","3,,,7","53.8","2,,,7"
"USC00046074","NAPA STATE HOSPITAL, CA US","38.2777","-122.2647","10.7","2019-10",,,"0.00","1,,,7","62.4","1,7","79.6","1,,,7","45.3","1,,,7"
"USC00046074","NAPA STATE HOSPITAL, CA US","38.2777","-122.2647","10.7","2019-11",,,"0.96",",,,7","55.4",",7","69.0",",,,7","41.8",",,,7"
"USC00046074","NAPA STATE HOSPITAL, CA US","38.2777","-122.2647","10.7","2019-12",,,"5.22",",a,,7","50.8","1,7","58.7","1,,,7","42.8","1,,,7"
"USC00045360","MARKLEY COVE, CA US","38.4916","-122.1241","146.3","2013-01",,,"0.80","1,,,7","44.1","1,7","57.2","1,,,7","31.0","1,,,7"
"USC00045360","MARKLEY COVE, CA US","38.4916","-122.1241","146.3","2013-02",,,"0.27",",,,7","48.7",",7","64.1",",,,7","33.3",",,,7"
"USC00045360","MARKLEY COVE, CA US","38.4916","-122.1241","146.3","2013-03",,,"1.00",",,,7","54.6",",7","69.6",",,,7","39.6",",,,7"
"USC00045360","MARKLEY COVE, CA US","38.4916","-122.1241","146.3","2013-04",,,"0.72","1,,,7","61.3","1,7","76.6","1,,,7","46.1","1,,,7"
"USC00045360","MARKLEY COVE, CA US","38.4916","-122.1241","146.3","2013-05",,,"0.16","1,,,7","66.2","1,7","81.3","1,,,7","51.0","1,,,7"
"USC00045360","MARKLEY COVE, CA US","38.4916","-122.1241","146.3","2013-06",,,"0.26",",,,7","72.1",",7","88.2",",,,7","56.0",",,,7"
"USC00045360","MARKLEY COVE, CA US","38.4916","-122.1241","146.3","2013-07",,,"0.00","1,,,7","77.8","1,7","97.2","1,,,7","58.3","1,,,7"
"USC00045360","MARKLEY COVE, CA US","38.4916","-122.1241","146.3","2013-08",,,"0.01",",,,7","74.1",",7","92.3",",,,7","55.9",",,,7"
"USC00045360","MARKLEY COVE, CA US","38.4916","-122.1241","146.3","2013-09",,,"0.54","1,,,7","70.6","1,7","87.2","1,,,7","54.0","1,,,7"
"USC00045360","MARKLEY COVE, CA US","38.4916","-122.1241","146.3","2013-10",,,"0.00",",,,7","61.5",",7","79.0",",,,7","43.9",",,,7"
"USC00045360","MARKLEY COVE, CA US","38.4916","-122.1241","146.3","2013-11",,,"0.84","1,,,7","54.8","1,7","68.9","1,,,7","40.8","1,,,7"
"USC00045360","MARKLEY COVE, CA US","38.4916","-122.1241","146.3","2013-12",,,"0.61",",,,7","46.3",",7","62.0",",,,7","30.6",",,,7"
"USC00045360","MARKLEY COVE, CA US","38.4916","-122.1241","146.3","2014-01",,,"0.08","2,,,7","51.7","2,7","68.8","2,,,7","34.7","2,,,7"
"USC00045360","MARKLEY COVE, CA US","38.4916","-122.1241","146.3","2014-02",,,"7.81",",,,7","51.5",",7","63.0",",,,7","40.0",",,,7"
"USC00045360","MARKLEY COVE, CA US","38.4916","-122.1241","146.3","2014-03",,,"2.00",",,,7","56.2",",7","69.3",",,,7","43.2",",,,7"
"USC00045360","MARKLEY COVE, CA US","38.4916","-122.1241","146.3","2014-04",,,"2.23",",,,7","59.7",",7","74.2",",,,7","45.2",",,,7"
"USC00045360","MARKLEY COVE, CA US","38.4916","-122.1241","146.3","2014-05",,,"0.00",",,,7","67.3",",7","84.3",",,,7","50.3",",,,7"
"USC00045360","MARKLEY COVE, CA US","38.4916","-122.1241","146.3","2014-06",,,"0.00",",,,7","73.3",",7","91.0",",,,7","55.5",",,,7"
"USC00045360","MARKLEY COVE, CA US","38.4916","-122.1241","146.3","2014-07",,,"0.00",",,,7","77.9",",7","96.0",",,,7","59.7",",,,7"
"USC00045360","MARKLEY COVE, CA US","38.4916","-122.1241","146.3","2014-08",,,"0.00",",,,7","75.8",",7","94.1",",,,7","57.4",",,,7"
"USC00045360","MARKLEY COVE, CA US","38.4916","-122.1241","146.3","2014-09",,,"0.41","2,,,7","72.7","2,7","90.1","2,,,7","55.2","2,,,7"
"USC00045360","MARKLEY COVE, CA US","38.4916","-122.1241","146.3","2014-10",,,"0.55",",,,7","65.7",",7","82.1",",,,7","49.4",",,,7"
"USC00045360","MARKLEY COVE, CA US","38.4916","-122.1241","146.3","2014-11",,,"1.52",",,,7","54.9",",7","67.7",",,,7","42.1",",,,7"
"USC00045360","MARKLEY COVE, CA US","38.4916","-122.1241","146.3","2014-12",,,"11.33",",,,7","52.2",",7","59.5",",,,7","45.0",",,,7"
"USC00045360","MARKLEY COVE, CA US","38.4916","-122.1241","146.3","2015-01",,,"0.00",",,,7","50.3",",7","62.4",",,,7","38.1",",,,7"
"USC00045360","MARKLEY COVE, CA US","38.4916","-122.1241","146.3","2015-02",,,"3.75",",,,7","55.0",",7","68.5",",,,7","41.4",",,,7"
"USC00045360","MARKLEY COVE, CA US","38.4916","-122.1241","146.3","2015-03",,,"0.02",",,,7","58.7",",7","73.9",",,,7","43.6",",,,7"
"USC00045360","MARKLEY COVE, CA US","38.4916","-122.1241","146.3","2015-04",,,"1.46",",,,7","59.2",",7","74.8",",,,7","43.7",",,,7"
"USC00045360","MARKLEY COVE, CA US","38.4916","-122.1241","146.3","2015-05",,,"1.01","2,,,7","63.5","2,7","78.9","2,,,7","48.2","2,,,7"
"USC00045360","MARKLEY COVE, CA US","38.4916","-122.1241","146.3","2015-06",,,"0.03",",,,7","74.6",",7","92.3",",,,7","56.9",",,,7"
"USC00045360","MARKLEY COVE, CA US","38.4916","-122.1241","146.3","2015-07",,,"0.03","1,,,7","76.5","1,7","93.5","1,,,7","59.6","1,,,7"
"USC00045360","MARKLEY COVE, CA US","38.4916","-122.1241","146.3","2015-08",,,"0.00","1,,,7","75.3","1,7","94.0","1,,,7","56.5","1,,,7"
"USC00045360","MARKLEY COVE, CA US","38.4916","-122.1241","146.3","2015-09",,,"0.02","4,,,7","72.8","4,7","90.7","4,,,7","54.8","4,,,7"
"USC00045360","MARKLEY COVE, CA US","38.4916","-122.1241","146.3","2015-10",,,"1.39","1,,,7","67.4","1,7","83.3","1,,,7","51.5","1,,,7"
"USC00045360","MARKLEY COVE, CA US","38.4916","-122.1241","146.3","2015-11",,,"1.62",",,,7","51.4",",7","64.7",",,,7","38.1",",,,7"
"USC00045360","MARKLEY COVE, CA US","38.4916","-122.1241","146.3","2015-12",,,"2.68","2,,,7","46.7","2,7","56.7","2,,,7","36.6","2,,,7"
"USC00045360","MARKLEY COVE, CA US","38.4916","-122.1241","146.3","2016-01",,,"5.61",",,,7","48.7","2,7","56.3","2,,,7","41.2","2,,,7"
"USC00045360","MARKLEY COVE, CA US","38.4916","-122.1241","146.3","2016-02",,,"0.95",",,,7","53.4",",7","67.3",",,,7","39.5",",,,7"
"USC00045360","MARKLEY COVE, CA US","38.4916","-122.1241","146.3","2016-03",,,"8.46",",,,7","54.7",",7","66.4",",,,7","43.0",",,,7"
"USC00045360","MARKLEY COVE, CA US","38.4916","-122.1241","146.3","2016-04",,,"1.37",",,,7","59.8",",7","74.4",",,,7","45.2",",,,7"
"USC00045360","MARKLEY COVE, CA US","38.4916","-122.1241","146.3","2016-05",,,"0.45",",,,7","64.8",",7","79.1",",,,7","50.5",",,,7"
"USC00045360","MARKLEY COVE, CA US","38.4916","-122.1241","146.3","2016-06",,,"0.00",",,,7","73.3",",7","91.8",",,,7","54.8",",,,7"
"USC00045360","MARKLEY COVE, CA US","38.4916","-122.1241","146.3","2016-07",,,"0.00",",,,7","75.9",",7","95.6",",,,7","56.1",",,,7"
"USC00045360","MARKLEY COVE, CA US","38.4916","-122.1241","146.3","2016-08",,,"0.00",",,,7","75.5",",7","95.6",",,,7","55.3",",,,7"
"USC00045360","MARKLEY COVE, CA US","38.4916","-122.1241","146.3","2016-09",,,"0.00",",,,7","71.8",",7","91.2",",,,7","52.4",",,,7"
"USC00045360","MARKLEY COVE, CA US","38.4916","-122.1241","146.3","2016-10",,,"3.39",",,,7","60.3","1,7","74.9","1,,,7","45.8","1,,,7"
"USC00045360","MARKLEY COVE, CA US","38.4916","-122.1241","146.3","2016-11",,,"1.57",",,,7","54.8",",7","66.0",",,,7","43.6",",,,7"
"USC00045360","MARKLEY COVE, CA US","38.4916","-122.1241","146.3","2016-12",,,"3.83",",,,7","45.6",",7","57.1",",,,7","34.2",",,,7"
"USC00045360","MARKLEY COVE, CA US","38.4916","-122.1241","146.3","2017-01",,,"17.95",",,,7","45.8","1,7","54.6","1,,,7","36.9","1,,,7"
"USC00045360","MARKLEY COVE, CA US","38.4916","-122.1241","146.3","2017-02",,,"14.11",",,,7","50.3",",7","59.0",",,,7","41.6",",,,7"
"USC00045360","MARKLEY COVE, CA US","38.4916","-122.1241","146.3","2017-03",,,"3.40",",,,7","54.8",",7","67.2",",,,7","42.3",",,,7"
"USC00045360","MARKLEY COVE, CA US","38.4916","-122.1241","146.3","2017-04",,,"2.75",",,,7","56.8",",7","68.8",",,,7","44.8",",,,7"
"USC00045360","MARKLEY COVE, CA US","38.4916","-122.1241","146.3","2017-05",,,"0.08",",,,7","65.2",",7","80.9",",,,7","49.5",",,,7"
"USC00045360","MARKLEY COVE, CA US","38.4916","-122.1241","146.3","2017-06",,,"0.33",",,,7","73.3",",7","90.2",",,,7","56.5",",,,7"
"USC00045360","MARKLEY COVE, CA US","38.4916","-122.1241","146.3","2017-07",,,"0.00",",,,7","78.5",",7","98.4",",,,7","58.6",",,,7"
"USC00045360","MARKLEY COVE, CA US","38.4916","-122.1241","146.3","2017-08",,,"0.00",",,,7","78.4",",7","97.2",",,,7","59.6",",,,7"
"USC00045360","MARKLEY COVE, CA US","38.4916","-122.1241","146.3","2017-09",,,"0.00",",,,7","72.6",",7","89.1",",,,7","56.1",",,,7"
"USC00045360","MARKLEY COVE, CA US","38.4916","-122.1241","146.3","2017-10",,,"0.21",",,,7","63.3","1,7","80.9","1,,,7","45.7","1,,,7"
"USC00045360","MARKLEY COVE, CA US","38.4916","-122.1241","146.3","2017-11",,,"3.17",",,,7","53.3",",7","64.1",",,,7","42.5",",,,7"
"USC00045360","MARKLEY COVE, CA US","38.4916","-122.1241","146.3","2017-12",,,"0.03",",,,7","48.0",",7","62.1",",,,7","34.0",",,,7"
"USC00045360","MARKLEY COVE, CA US","38.4916","-122.1241","146.3","2018-01",,,"4.03",",,,7","48.9","2,7","58.5","2,,,7","39.3","2,,,7"
"USC00045360","MARKLEY COVE, CA US","38.4916","-122.1241","146.3","2018-02",,,"0.17",",,,7","50.5",",7","66.1",",,,7","34.8",",,,7"
"USC00045360","MARKLEY COVE, CA US","38.4916","-122.1241","146.3","2018-03",,,"5.51","1,,,7","50.1","1,7","62.9","1,,,7","37.3","1,,,7"
"USC00045360","MARKLEY COVE, CA US","38.4916","-122.1241","146.3","2018-04",,,"1.70",",,,7","57.7",",7","72.0",",,,7","43.4",",,,7"
"USC00045360","MARKLEY COVE, CA US","38.4916","-122.1241","146.3","2018-05",,,"0.05",",,,7","64.9",",7","80.0",",,,7","49.9",",,,7"
"USC00045360","MARKLEY COVE, CA US","38.4916","-122.1241","146.3","2018-06",,,"0.00",",,,7","72.1",",7","89.9",",,,7","54.3",",,,7"
"USC00045360","MARKLEY COVE, CA US","38.4916","-122.1241","146.3","2018-07",,,"0.01",",,,7","79.5",",7","98.7",",,,7","60.4",",,,7"
"USC00045360","MARKLEY COVE, CA US","38.4916","-122.1241","146.3","2018-08",,,"0.00",",,,7","75.6","1,7","94.4","1,,,7","56.9","1,,,7"
"USC00045360","MARKLEY COVE, CA US","38.4916","-122.1241","146.3","2018-09",,,"0.00",",,,7","71.7",",7","90.8",",,,7","52.7",",,,7"
"USC00045360","MARKLEY COVE, CA US","38.4916","-122.1241","146.3","2018-10",,,"0.47",",,,7","65.1","1,7","81.0","1,,,7","49.2","1,,,7"
"USC00045360","MARKLEY COVE, CA US","38.4916","-122.1241","146.3","2018-11",,,"4.26",",,,7","56.0",",7","70.6",",,,7","41.3",",,,7"
"USC00045360","MARKLEY COVE, CA US","38.4916","-122.1241","146.3","2018-12",,,"2.56",",,,7","48.1",",7","58.0",",,,7","38.3",",,,7"
"USC00045360","MARKLEY COVE, CA US","38.4916","-122.1241","146.3","2019-01",,,"9.66",",,,7","49.5",",7","59.1",",,,7","40.0",",,,7"
"USC00045360","MARKLEY COVE, CA US","38.4916","-122.1241","146.3","2019-02",,,"14.52",",,,7","45.4",",7","54.3",",,,7","36.5",",,,7"
"USC00045360","MARKLEY COVE, CA US","38.4916","-122.1241","146.3","2019-03",,,"5.55",",,,7","51.0",",7","61.8",",,,7","40.2",",,,7"
"USC00045360","MARKLEY COVE, CA US","38.4916","-122.1241","146.3","2019-04",,,"0.42",",,,7","60.8",",7","74.3",",,,7","47.4",",,,7"
"USC00045360","MARKLEY COVE, CA US","38.4916","-122.1241","146.3","2019-05",,,"3.11",",,,7","60.9",",7","73.5",",,,7","48.2",",,,7"
"USC00045360","MARKLEY COVE, CA US","38.4916","-122.1241","146.3","2019-06",,,"0.00",",,,7","73.0","1,7","90.0","1,,,7","56.0","1,,,7"
"USC00045360","MARKLEY COVE, CA US","38.4916","-122.1241","146.3","2019-07",,,"0.27",",,,7","75.6",",7","93.8",",,,7","57.4",",,,7"
"USC00045360","MARKLEY COVE, CA US","38.4916","-122.1241","146.3","2019-08",,,"0.00",",,,7","76.8",",7","94.7",",,,7","59.0",",,,7"
"USC00045360","MARKLEY COVE, CA US","38.4916","-122.1241","146.3","2019-09",,,"0.05",",,,7","71.2",",7","88.0",",,,7","54.4",",,,7"
"USC00045360","MARKLEY COVE, CA US","38.4916","-122.1241","146.3","2019-10",,,"0.00",",,,7","61.7",",7","79.2",",,,7","44.1",",,,7"
"USC00045360","MARKLEY COVE, CA US","38.4916","-122.1241","146.3","2019-11",,,"0.69",",,,7","55.6",",7","71.4",",,,7","39.7",",,,7"
"USC00045360","MARKLEY COVE, CA US","38.4916","-122.1241","146.3","2019-12",,,"6.40",",,,7","48.8",",7","56.7",",,,7","41.0",",,,7"
"USW00093227","NAPA CO AIRPORT, CA US","38.2102","-122.2847","4.3","2013-01","4.9",",X","0.34",",,,X","44.8",",X","57.6",",,,X","32.0",",,,X"
"USW00093227","NAPA CO AIRPORT, CA US","38.2102","-122.2847","4.3","2013-02","4.7",",X","0.28",",,,X","47.9",",X","62.5",",,,X","33.3",",,,X"
"USW00093227","NAPA CO AIRPORT, CA US","38.2102","-122.2847","4.3","2013-03","5.4",",X","0.37",",,,X","53.1",",X","66.6",",,,X","39.6",",,,X"
"USW00093227","NAPA CO AIRPORT, CA US","38.2102","-122.2847","4.3","2013-04","8.1",",W","0.71",",,,W","58.9",",W","73.6",",,,W","44.1",",,,W"
"USW00093227","NAPA CO AIRPORT, CA US","38.2102","-122.2847","4.3","2013-05","8.9",",W","0.08",",,,W","62.1",",W","77.1",",,,W","47.1",",,,W"
"USW00093227","NAPA CO AIRPORT, CA US","38.2102","-122.2847","4.3","2013-06","9.6",",W","0.19",",,,W","66.3",",W","80.3",",,,W","52.3",",,,W"
"USW00093227","NAPA CO AIRPORT, CA US","38.2102","-122.2847","4.3","2013-07","9.8",",W","0.00",",,,W","65.7",",W","77.2",",,,W","54.2",",,,W"
"USW00093227","NAPA CO AIRPORT, CA US","38.2102","-122.2847","4.3","2013-08","9.6",",W","0.00",",,,W","67.1",",W","80.0",",,,W","54.2",",,,W"
"USW00093227","NAPA CO AIRPORT, CA US","38.2102","-122.2847","4.3","2013-09","8.5",",W","0.84",",,,W","65.9",",W","80.8",",,,W","51.1",",,,W"
"USW00093227","NAPA CO AIRPORT, CA US","38.2102","-122.2847","4.3","2013-10","5.4",",W","0.00",",,,W","57.0",",W","73.6",",,,W","40.3",",,,W"
"USW00093227","NAPA CO AIRPORT, CA US","38.2102","-122.2847","4.3","2013-11","4.9",",W","0.88",",,,W","52.5",",W","66.8",",,,W","38.2",",,,W"
"USW00093227","NAPA CO AIRPORT, CA US","38.2102","-122.2847","4.3","2013-12","4.7",",W","0.47",",,,W","43.4",",W","59.0",",,,W","27.8",",,,W"
"USW00093227","NAPA CO AIRPORT, CA US","38.2102","-122.2847","4.3","2014-01","4.0",",W","0.08",",,,W","49.1",",W","65.6",",,,W","32.7",",,,W"
"USW00093227","NAPA CO AIRPORT, CA US","38.2102","-122.2847","4.3","2014-02","6.5",",W","4.69",",,,W","51.4",",W","60.8",",,,W","42.0",",,,W"
"USW00093227","NAPA CO AIRPORT, CA US","38.2102","-122.2847","4.3","2014-03","6.9",",W","1.54",",,,W","54.9",",W","66.9",",,,W","43.0",",,,W"
"USW00093227","NAPA CO AIRPORT, CA US","38.2102","-122.2847","4.3","2014-04","7.2",",W","1.84",",,,W","56.4",",W","68.9",",,,W","44.0",",,,W"
"USW00093227","NAPA CO AIRPORT, CA US","38.2102","-122.2847","4.3","2014-05","8.9",",W","0.00",",T,,W","60.8",",W","75.4",",,,W","46.2",",,,W"
"USW00093227","NAPA CO AIRPORT, CA US","38.2102","-122.2847","4.3","2014-06","10.1",",W","0.00",",T,,W","64.7",",W","79.0",",,,W","50.4",",,,W"
"USW00093227","NAPA CO AIRPORT, CA US","38.2102","-122.2847","4.3","2014-07","9.8",",W","0.00",",T,,W","66.8",",W","78.5",",,,W","55.2",",,,W"
"USW00093227","NAPA CO AIRPORT, CA US","38.2102","-122.2847","4.3","2014-08","8.9",",W","0.07",",,,W","65.8",",W","77.1",",,,W","54.5",",,,W"
"USW00093227","NAPA CO AIRPORT, CA US","38.2102","-122.2847","4.3","2014-09","7.8",",W","0.31",",,,W","66.1",",W","79.6",",,,W","52.6",",,,W"
"USW00093227","NAPA CO AIRPORT, CA US","38.2102","-122.2847","4.3","2014-10","5.6",",W","0.75",",,,W","62.1",",W","78.6",",,,W","45.6",",,,W"
"USW00093227","NAPA CO AIRPORT, CA US","38.2102","-122.2847","4.3","2014-11","5.4",",W","1.53",",,,W","54.2",",W","66.6",",,,W","41.8",",,,W"
"USW00093227","NAPA CO AIRPORT, CA US","38.2102","-122.2847","4.3","2014-12","7.4",",W","10.14",",,,W","51.8",",W","59.3",",,,W","44.3",",,,W"
"USW00093227","NAPA CO AIRPORT, CA US","38.2102","-122.2847","4.3","2015-01","5.4",",W","0.00",",T,,W","48.0",",W","59.3",",,,W","36.7",",,,W"
"USW00093227","NAPA CO AIRPORT, CA US","38.2102","-122.2847","4.3","2015-02","6.5",",W","2.37",",,,W","52.9",",W","64.8",",,,W","41.0",",,,W"
"USW00093227","NAPA CO AIRPORT, CA US","38.2102","-122.2847","4.3","2015-03","5.6",",W","0.07",",,,W","55.3",",W","69.2",",,,W","41.4",",,,W"
"USW00093227","NAPA CO AIRPORT, CA US","38.2102","-122.2847","4.3","2015-04","8.3",",W","1.43",",,,W","55.0",",W","68.8",",,,W","41.2",",,,W"
"USW00093227","NAPA CO AIRPORT, CA US","38.2102","-122.2847","4.3","2015-05","10.1",",W","0.00",",T,,W","57.8",",W","67.9",",,,W","47.7",",,,W"
"USW00093227","NAPA CO AIRPORT, CA US","38.2102","-122.2847","4.3","2015-06","9.6",",W","0.13",",,,W","64.6",",W","77.8",",,,W","51.5",",,,W"
"USW00093227","NAPA CO AIRPORT, CA US","38.2102","-122.2847","4.3","2015-07","10.7",",W","0.03",",,,W","67.8",",W","79.6",",,,W","55.9",",,,W"
"USW00093227","NAPA CO AIRPORT, CA US","38.2102","-122.2847","4.3","2015-08","9.8",",W","0.01",",,,W","68.6",",W","82.2",",,,W","55.1",",,,W"
"USW00093227","NAPA CO AIRPORT, CA US","38.2102","-122.2847","4.3","2015-09","7.4",",W","0.06",",,,W","65.9",",W","81.5",",,,W","50.4",",,,W"
"USW00093227","NAPA CO AIRPORT, CA US","38.2102","-122.2847","4.3","2015-10","5.4",",W","0.20",",,,W","64.1","1,W","79.3",",,,W","48.9","1,,,W"
"USW00093227","NAPA CO AIRPORT, CA US","38.2102","-122.2847","4.3","2015-11","6.0",",W","1.21",",,,W","50.1",",W","63.9",",,,W","36.3",",,,W"
"USW00093227","NAPA CO AIRPORT, CA US","38.2102","-122.2847","4.3","2015-12","6.0",",W","2.78",",,,W","46.1",",W","56.5",",,,W","35.7",",,,W"
"USW00093227","NAPA CO AIRPORT, CA US","38.2102","-122.2847","4.3","2016-01","7.2",",W","6.33",",,,W","50.0",",W","57.0",",,,W","42.9",",,,W"
"USW00093227","NAPA CO AIRPORT, CA US","38.2102","-122.2847","4.3","2016-02","5.4",",W","0.65",",,,W","53.5","1,W","66.3","1,,,W","40.7",",,,W"
"USW00093227","NAPA CO AIRPORT, CA US","38.2102","-122.2847","4.3","2016-03","7.2",",W","6.50",",,,W","53.6","1,W","63.6",",,,W","43.5","1,,,W"
"USW00093227","NAPA CO AIRPORT, CA US","38.2102","-122.2847","4.3","2016-04","7.8",",W","0.94",",,,W","57.4",",W","70.0",",,,W","44.8",",,,W"
"USW00093227","NAPA CO AIRPORT, CA US","38.2102","-122.2847","4.3","2016-05","8.7",",W","0.25",",,,W","60.5",",W","72.4",",,,W","48.6",",,,W"
"USW00093227","NAPA CO AIRPORT, CA US","38.2102","-122.2847","4.3","2016-06","9.4",",W","0.00",",T,,W","65.6",",W","79.8",",,,W","51.4",",,,W"
"USW00093227","NAPA CO AIRPORT, CA US","38.2102","-122.2847","4.3","2016-07","9.8",",W","0.00",",,,W","64.7",",W","78.2",",,,W","51.2",",,,W"
"USW00093227","NAPA CO AIRPORT, CA US","38.2102","-122.2847","4.3","2016-08","10.1",",W","0.00",",,,W","64.8",",W","76.2",",,,W","53.3",",,,W"
"USW00093227","NAPA CO AIRPORT, CA US","38.2102","-122.2847","4.3","2016-09","7.6",",W","0.00",",,,W","65.4",",W","80.9",",,,W","50.0",",,,W"
"USW00093227","NAPA CO AIRPORT, CA US","38.2102","-122.2847","4.3","2016-10","6.0",",W","3.81",",,,W","60.7",",W","73.2",",,,W","48.2",",,,W"
"USW00093227","NAPA CO AIRPORT, CA US","38.2102","-122.2847","4.3","2016-11","4.7",",W","0.94",",,,W","55.7",",W","67.3",",,,W","44.1",",,,W"
"USW00093227","NAPA CO AIRPORT, CA US","38.2102","-122.2847","4.3","2016-12","5.8",",W","4.20",",,,W","47.1",",W","58.0",",,,W","36.2",",,,W"
"USW00093227","NAPA CO AIRPORT, CA US","38.2102","-122.2847","4.3","2017-01","7.2",",W","12.11",",,,W","48.5",",W","57.2",",,,W","39.8",",,,W"
"USW00093227","NAPA CO AIRPORT, CA US","38.2102","-122.2847","4.3","2017-02","7.6",",W","8.93",",,,W","53.0",",W","61.1",",,,W","45.0",",,,W"
"USW00093227","NAPA CO AIRPORT, CA US","38.2102","-122.2847","4.3","2017-03","6.5",",W","3.75",",,,W","56.2",",W","68.2",",,,W","44.2",",,,W"
"USW00093227","NAPA CO AIRPORT, CA US","38.2102","-122.2847","4.3","2017-04","7.2",",W","3.11",",,,W","57.7",",W","69.2",",,,W","46.2",",,,W"
"USW00093227","NAPA CO AIRPORT, CA US","38.2102","-122.2847","4.3","2017-05","9.2",",W","0.00",",T,,W","62.6",",W","75.9",",,,W","49.4",",,,W"
"USW00093227","NAPA CO AIRPORT, CA US","38.2102","-122.2847","4.3","2017-06","9.6",",W","0.26",",,,W","68.3",",W","81.8",",,,W","54.8",",,,W"
"USW00093227","NAPA CO AIRPORT, CA US","38.2102","-122.2847","4.3","2017-07","9.4",",W","0.00",",,,W","68.2","1,W","82.0","1,,,W","54.4","1,,,W"
"USW00093227","NAPA CO AIRPORT, CA US","38.2102","-122.2847","4.3","2017-08","9.6",",W","0.00",",T,,W","68.2",",W","79.9",",,,W","56.6",",,,W"
"USW00093227","NAPA CO AIRPORT, CA US","38.2102","-122.2847","4.3","2017-09","7.4",",W","0.02",",,,W","68.0","1,W","83.9",",,,W","52.0","1,,,W"
"USW00093227","NAPA CO AIRPORT, CA US","38.2102","-122.2847","4.3","2017-10","5.6",",W","0.19",",,,W","60.5",",W","77.9",",,,W","43.2",",,,W"
"USW00093227","NAPA CO AIRPORT, CA US","38.2102","-122.2847","4.3","2017-11","5.1",",W","2.78",",,,W","53.5",",W","64.2",",,,W","42.9",",,,W"
"USW00093227","NAPA CO AIRPORT, CA US","38.2102","-122.2847","4.3","2017-12","5.6",",W","0.06",",,,W","47.0",",W","61.4",",,,W","32.7",",,,W"
"USW00093227","NAPA CO AIRPORT, CA US","38.2102","-122.2847","4.3","2018-01","5.8",",W","3.60",",,,W","49.2",",W","58.7",",,,W","39.7",",,,W"
"USW00093227","NAPA CO AIRPORT, CA US","38.2102","-122.2847","4.3","2018-02","5.8",",W","0.21",",,,W","48.4",",W","64.5",",,,W","32.3",",,,W"
"USW00093227","NAPA CO AIRPORT, CA US","38.2102","-122.2847","4.3","2018-03","6.5",",W","5.20",",,,W","50.6",",W","63.1",",,,W","38.2",",,,W"
"USW00093227","NAPA CO AIRPORT, CA US","38.2102","-122.2847","4.3","2018-04","7.4",",W","3.76",",,,W","54.8","4,W","66.6","3,,,W","43.0","4,,,W"
"USW00093227","NAPA CO AIRPORT, CA US","38.2102","-122.2847","4.3","2018-05","10.1",",W","0.01",",,,W","60.2","2,W","71.6","2,,,W","48.8","2,,,W"
"USW00093227","NAPA CO AIRPORT, CA US","38.2102","-122.2847","4.3","2018-06","10.1",",W","0.00",",,,W","63.9",",W","78.3",",,,W","49.5",",,,W"
"USW00093227","NAPA CO AIRPORT, CA US","38.2102","-122.2847","4.3","2018-07","9.8",",W","0.00",",,,W","66.5",",W","79.2",",,,W","53.8",",,,W"
"USW00093227","NAPA CO AIRPORT, CA US","38.2102","-122.2847","4.3","2018-08","9.2",",W","0.00",",,,W","65.3",",W","77.1",",,,W","53.4",",,,W"
"USW00093227","NAPA CO AIRPORT, CA US","38.2102","-122.2847","4.3","2018-09","6.9",",W","0.00",",,,W","62.5",",W","77.0",",,,W","47.9",",,,W"
"USW00093227","NAPA CO AIRPORT, CA US","38.2102","-122.2847","4.3","2018-10","6.0",",W","0.00","1,,,W","61.6","1,W","76.9","1,,,W","46.2","1,,,W"
"USW00093227","NAPA CO AIRPORT, CA US","38.2102","-122.2847","4.3","2018-11","4.7",",W","1.91","2,,,W","53.6",",W","68.2",",,,W","39.0",",,,W"
"USW00093227","NAPA CO AIRPORT, CA US","38.2102","-122.2847","4.3","2018-12","5.8",",W","1.95",",,,W","49.0",",W","59.1",",,,W","38.9",",,,W"
"USW00093227","NAPA CO AIRPORT, CA US","38.2102","-122.2847","4.3","2019-01","7.2",",W","5.58",",,,W","51.3",",W","60.3",",,,W","42.2",",,,W"
"USW00093227","NAPA CO AIRPORT, CA US","38.2102","-122.2847","4.3","2019-02","8.9",",W","8.99",",,,W","47.4",",W","55.7",",,,W","39.0",",,,W"
"USW00093227","NAPA CO AIRPORT, CA US","38.2102","-122.2847","4.3","2019-03","6.9",",W","5.02",",,,W","52.2",",W","62.8",",,,W","41.6",",,,W"
"USW00093227","NAPA CO AIRPORT, CA US","38.2102","-122.2847","4.3","2019-04","7.6",",W","0.29",",,,W","58.2",",W","69.2",",,,W","47.2",",,,W"
"USW00093227","NAPA CO AIRPORT, CA US","38.2102","-122.2847","4.3","2019-05","10.1",",W","2.78",",,,W","58.3",",W","67.6",",,,W","49.0",",,,W"
"USW00093227","NAPA CO AIRPORT, CA US","38.2102","-122.2847","4.3","2019-06","9.4",",W","0.00",",,,W","65.8",",W","78.6",",,,W","53.0",",,,W"
"USW00093227","NAPA CO AIRPORT, CA US","38.2102","-122.2847","4.3","2019-07","10.1",",W","0.00",",T,,W","66.4","1,W","78.5","1,,,W","54.3","1,,,W"
"USW00093227","NAPA CO AIRPORT, CA US","38.2102","-122.2847","4.3","2019-08","8.9",",W","0.00",",,,W","68.6",",W","82.1",",,,W","55.1",",,,W"
"USW00093227","NAPA CO AIRPORT, CA US","38.2102","-122.2847","4.3","2019-09","7.6",",W","0.01",",,,W","65.9",",W","81.4",",,,W","50.3",",,,W"
"USW00093227","NAPA CO AIRPORT, CA US","38.2102","-122.2847","4.3","2019-10","5.6",",W","0.00",",,,W","59.1","1,W","77.5",",,,W","40.7","1,,,W"
"USW00093227","NAPA CO AIRPORT, CA US","38.2102","-122.2847","4.3","2019-11","4.9",",W","0.81",",,,W","52.1",",W","66.7",",,,W","37.4",",,,W"
"USW00093227","NAPA CO AIRPORT, CA US","38.2102","-122.2847","4.3","2019-12","6.9",",W","4.93",",,,W","49.5",",W","57.4",",,,W","41.7",",,,W"
"USC00040212","ANGWIN PACIFIC UNION COLLEGE, CA US","38.573","-122.4405","522.7","2013-01",,,"1.22",",,,7","45.4",",7","54.0",",,,7","36.8",",,,7"
"USC00040212","ANGWIN PACIFIC UNION COLLEGE, CA US","38.573","-122.4405","522.7","2013-02",,,"0.54",",,,7","48.6",",7","58.7",",,,7","38.4",",,,7"
"USC00040212","ANGWIN PACIFIC UNION COLLEGE, CA US","38.573","-122.4405","522.7","2013-03",,,"2.10",",,,7","53.1",",7","63.7",",,,7","42.5",",,,7"
"USC00040212","ANGWIN PACIFIC UNION COLLEGE, CA US","38.573","-122.4405","522.7","2013-04",,,"1.10",",,,7","59.4",",7","71.3",",,,7","47.4",",,,7"
"USC00040212","ANGWIN PACIFIC UNION COLLEGE, CA US","38.573","-122.4405","522.7","2013-05",,,"0.13",",,,7","62.0",",7","76.0",",,,7","47.9",",,,7"
"USC00040212","ANGWIN PACIFIC UNION COLLEGE, CA US","38.573","-122.4405","522.7","2013-06",,,"1.17",",,,7","66.7",",7","80.6",",,,7","52.7",",,,7"
"USC00040212","ANGWIN PACIFIC UNION COLLEGE, CA US","38.573","-122.4405","522.7","2013-07",,,"0.00",",,,7","69.5",",7","84.9",",,,7","54.1",",,,7"
"USC00040212","ANGWIN PACIFIC UNION COLLEGE, CA US","38.573","-122.4405","522.7","2013-08",,,"0.00",",,,7","66.9",",7","81.8",",,,7","52.0",",,,7"
"USC00040212","ANGWIN PACIFIC UNION COLLEGE, CA US","38.573","-122.4405","522.7","2013-09",,,"1.04",",,,7","65.5",",7","78.4",",,,7","52.5",",,,7"
"USC00040212","ANGWIN PACIFIC UNION COLLEGE, CA US","38.573","-122.4405","522.7","2013-10",,,"0.00",",,,7","60.3",",7","72.3",",,,7","48.4",",,,7"
"USC00040212","ANGWIN PACIFIC UNION COLLEGE, CA US","38.573","-122.4405","522.7","2013-11",,,"0.94",",,,7","53.9",",7","63.2",",,,7","44.7",",,,7"
"USC00040212","ANGWIN PACIFIC UNION COLLEGE, CA US","38.573","-122.4405","522.7","2013-12",,,"0.52",",,,7","48.8",",7","58.5",",,,7","39.2",",,,7"
"USC00040212","ANGWIN PACIFIC UNION COLLEGE, CA US","38.573","-122.4405","522.7","2014-01",,,"0.15",",,,7","55.1",",7","64.5",",,,7","45.6",",,,7"
"USC00040212","ANGWIN PACIFIC UNION COLLEGE, CA US","38.573","-122.4405","522.7","2014-02",,,"13.36",",,,7","48.9",",7","56.2",",,,7","41.6",",,,7"
"USC00040212","ANGWIN PACIFIC UNION COLLEGE, CA US","38.573","-122.4405","522.7","2014-03",,,"4.97",",,,7","53.3",",7","63.1",",,,7","43.4",",,,7"
"USC00040212","ANGWIN PACIFIC UNION COLLEGE, CA US","38.573","-122.4405","522.7","2014-04",,,"2.03",",,,7","57.8",",7","70.4",",,,7","45.2",",,,7"
"USC00040212","ANGWIN PACIFIC UNION COLLEGE, CA US","38.573","-122.4405","522.7","2014-05",,,"0.00",",,,7","62.7",",7","77.6",",,,7","47.9",",,,7"
"USC00040212","ANGWIN PACIFIC UNION COLLEGE, CA US","38.573","-122.4405","522.7","2014-06",,,"0.00",",,,7","67.5",",7","83.2",",,,7","51.9",",,,7"
"USC00040212","ANGWIN PACIFIC UNION COLLEGE, CA US","38.573","-122.4405","522.7","2014-07",,,"0.00",",,,7","70.2",",7","85.0",",,,7","55.5",",,,7"
"USC00040212","ANGWIN PACIFIC UNION COLLEGE, CA US","38.573","-122.4405","522.7","2014-08",,,"0.01",",,,7","68.5",",7","83.4",",,,7","53.5",",,,7"
"USC00040212","ANGWIN PACIFIC UNION COLLEGE, CA US","38.573","-122.4405","522.7","2014-09",,,"0.81",",,,7","67.0",",7","80.7",",,,7","53.4",",,,7"
"USC00040212","ANGWIN PACIFIC UNION COLLEGE, CA US","38.573","-122.4405","522.7","2014-10",,,"1.35",",,,7","64.2",",7","75.9",",,,7","52.6",",,,7"
"USC00040212","ANGWIN PACIFIC UNION COLLEGE, CA US","38.573","-122.4405","522.7","2014-11",,,"3.91",",,,7","53.6",",7","62.0",",,,7","45.3",",,,7"
"USC00040212","ANGWIN PACIFIC UNION COLLEGE, CA US","38.573","-122.4405","522.7","2014-12",,,"17.38",",,,7","48.2",",7","53.1",",,,7","43.4",",,,7"
"USC00040212","ANGWIN PACIFIC UNION COLLEGE, CA US","38.573","-122.4405","522.7","2015-01",,,"0.05",",,,7","52.7",",7","61.8",",,,7","43.6",",,,7"
"USC00040212","ANGWIN PACIFIC UNION COLLEGE, CA US","38.573","-122.4405","522.7","2015-02",,,"5.88",",,,7","54.5",",7","63.7",",,,7","45.3",",,,7"
"USC00040212","ANGWIN PACIFIC UNION COLLEGE, CA US","38.573","-122.4405","522.7","2015-03",,,"0.22",",,,7","58.0",",7","70.0",",,,7","46.1",",,,7"
"USC00040212","ANGWIN PACIFIC UNION COLLEGE, CA US","38.573","-122.4405","522.7","2015-04",,,"1.61",",,,7","56.2",",7","69.3",",,,7","43.2",",,,7"
"USC00040212","ANGWIN PACIFIC UNION COLLEGE, CA US","38.573","-122.4405","522.7","2015-05",,,"0.00",",,,7","59.0",",7","72.6",",,,7","45.5",",,,7"
"USC00040212","ANGWIN PACIFIC UNION COLLEGE, CA US","38.573","-122.4405","522.7","2015-06",,,"0.02",",,,7","68.9",",7","84.9",",,,7","52.9",",,,7"
"USC00040212","ANGWIN PACIFIC UNION COLLEGE, CA US","38.573","-122.4405","522.7","2015-07",,,"0.05",",,,7","69.4",",7","83.4",",,,7","55.3",",,,7"
"USC00040212","ANGWIN PACIFIC UNION COLLEGE, CA US","38.573","-122.4405","522.7","2015-08",,,"0.00",",,,7","69.4",",7","84.1",",,,7","54.7",",,,7"
"USC00040212","ANGWIN PACIFIC UNION COLLEGE, CA US","38.573","-122.4405","522.7","2015-09",,,"0.76",",,,7","68.9",",7","82.7",",,,7","55.1",",,,7"
"USC00040212","ANGWIN PACIFIC UNION COLLEGE, CA US","38.573","-122.4405","522.7","2015-10",,,"0.12",",,,7","65.1",",7","77.3",",,,7","52.9",",,,7"
"USC00040212","ANGWIN PACIFIC UNION COLLEGE, CA US","38.573","-122.4405","522.7","2015-11",,,"1.81",",,,7","49.3",",7","58.1",",,,7","40.6",",,,7"
"USC00040212","ANGWIN PACIFIC UNION COLLEGE, CA US","38.573","-122.4405","522.7","2015-12",,,"8.30",",,,7","43.3",",7","49.8",",,,7","36.8",",,,7"
"USC00040212","ANGWIN PACIFIC UNION COLLEGE, CA US","38.573","-122.4405","522.7","2016-01",,,"11.33",",,,7","45.5",",7","50.6",",,,7","40.3",",,,7"
"USC00040212","ANGWIN PACIFIC UNION COLLEGE, CA US","38.573","-122.4405","522.7","2016-02",,,"1.13",",,,7","53.7",",7","63.3",",,,7","44.1",",,,7"
"USC00040212","ANGWIN PACIFIC UNION COLLEGE, CA US","38.573","-122.4405","522.7","2016-03",,,"11.49",",,,7","51.8",",7","60.7",",,,7","42.9",",,,7"
"USC00040212","ANGWIN PACIFIC UNION COLLEGE, CA US","38.573","-122.4405","522.7","2016-04",,,"1.72",",,,7","57.6",",7","69.5",",,,7","45.8",",,,7"
"USC00040212","ANGWIN PACIFIC UNION COLLEGE, CA US","38.573","-122.4405","522.7","2016-05",,,"0.26",",,,7","61.5",",7","73.3",",,,7","49.6",",,,7"
"USC00040212","ANGWIN PACIFIC UNION COLLEGE, CA US","38.573","-122.4405","522.7","2016-06",,,"0.00",",,,7","68.5",",7","83.5",",,,7","53.6",",,,7"
"USC00040212","ANGWIN PACIFIC UNION COLLEGE, CA US","38.573","-122.4405","522.7","2016-07",,,"0.00",",,,7","70.0",",7","85.6",",,,7","54.5",",,,7"
"USC00040212","ANGWIN PACIFIC UNION COLLEGE, CA US","38.573","-122.4405","522.7","2016-08",,,"0.00",",,,7","67.9",",7","83.2",",,,7","52.6",",,,7"
"USC00040212","ANGWIN PACIFIC UNION COLLEGE, CA US","38.573","-122.4405","522.7","2016-09",,,"0.00",",,,7","67.2",",7","81.3",",,,7","53.2",",,,7"
"USC00040212","ANGWIN PACIFIC UNION COLLEGE, CA US","38.573","-122.4405","522.7","2016-10",,,"7.91",",,,7","57.3",",7","66.1",",,,7","48.4",",,,7"
"USC00040212","ANGWIN PACIFIC UNION COLLEGE, CA US","38.573","-122.4405","522.7","2016-11",,,"4.11",",,,7","52.0",",7","59.6",",,,7","44.4",",,,7"
"USC00040212","ANGWIN PACIFIC UNION COLLEGE, CA US","38.573","-122.4405","522.7","2016-12",,,"8.12",",,,7","44.9",",7","52.8",",,,7","36.9",",,,7"
"USC00040212","ANGWIN PACIFIC UNION COLLEGE, CA US","38.573","-122.4405","522.7","2017-01",,,"22.32",",,,7","43.6",",7","50.2",",,,7","36.9",",,,7"
"USC00040212","ANGWIN PACIFIC UNION COLLEGE, CA US","38.573","-122.4405","522.7","2017-02",,,"18.69",",,,7","46.7",",7","52.7",",,,7","40.7",",,,7"
"USC00040212","ANGWIN PACIFIC UNION COLLEGE, CA US","38.573","-122.4405","522.7","2017-03",,,"4.02",",,,7","52.5",",7","62.7",",,,7","42.3",",,,7"
"USC00040212","ANGWIN PACIFIC UNION COLLEGE, CA US","38.573","-122.4405","522.7","2017-04",,,"4.31",",,,7","54.2",",7","64.9",",,,7","43.6",",,,7"
"USC00040212","ANGWIN PACIFIC UNION COLLEGE, CA US","38.573","-122.4405","522.7","2017-05",,,"0.00",",,,7","62.6",",7","76.2",",,,7","49.0",",,,7"
"USC00040212","ANGWIN PACIFIC UNION COLLEGE, CA US","38.573","-122.4405","522.7","2017-06",,,"0.46",",,,7","68.0",",7","82.1",",,,7","53.9",",,,7"
"USC00040212","ANGWIN PACIFIC UNION COLLEGE, CA US","38.573","-122.4405","522.7","2017-07",,,"0.00",",,,7","72.3",",7","88.7",",,,7","55.9",",,,7"
"USC00040212","ANGWIN PACIFIC UNION COLLEGE, CA US","38.573","-122.4405","522.7","2017-08",,,"0.00",",,,7","71.9",",7","86.6",",,,7","57.1",",,,7"
"USC00040212","ANGWIN PACIFIC UNION COLLEGE, CA US","38.573","-122.4405","522.7","2017-09",,,"0.04",",,,7","69.0",",7","82.1",",,,7","56.0",",,,7"
"USC00040212","ANGWIN PACIFIC UNION COLLEGE, CA US","38.573","-122.4405","522.7","2017-10",,,"0.26",",,,7","63.8",",7","76.6",",,,7","51.1",",,,7"
"USC00040212","ANGWIN PACIFIC UNION COLLEGE, CA US","38.573","-122.4405","522.7","2017-11",,,"5.48",",,,7","50.3",",7","57.4",",,,7","43.2",",,,7"
"USC00040212","ANGWIN PACIFIC UNION COLLEGE, CA US","38.573","-122.4405","522.7","2017-12",,,"0.11",",,,7","49.6",",7","58.3",",,,7","40.9",",,,7"
"USC00040212","ANGWIN PACIFIC UNION COLLEGE, CA US","38.573","-122.4405","522.7","2018-01",,,"6.14",",,,7","48.8",",7","55.8",",,,7","41.8",",,,7"
"USC00040212","ANGWIN PACIFIC UNION COLLEGE, CA US","38.573","-122.4405","522.7","2018-02",,,"0.20",",,,7","50.7",",7","61.2",",,,7","40.2",",,,7"
"USC00040212","ANGWIN PACIFIC UNION COLLEGE, CA US","38.573","-122.4405","522.7","2018-03",,,"9.48",",,,7","48.2",",7","57.6",",,,7","38.7",",,,7"
"USC00040212","ANGWIN PACIFIC UNION COLLEGE, CA US","38.573","-122.4405","522.7","2018-04",,,"3.46",",,,7","52.9",",7","64.7",",,,7","41.2",",,,7"
"USC00040212","ANGWIN PACIFIC UNION COLLEGE, CA US","38.573","-122.4405","522.7","2018-06",,,"0.00",",,,7","67.6",",7","83.2",",,,7","52.1",",,,7"
"USC00040212","ANGWIN PACIFIC UNION COLLEGE, CA US","38.573","-122.4405","522.7","2018-07",,,"0.00",",,,7","72.3",",7","87.1",",,,7","57.5",",,,7"
"USC00040212","ANGWIN PACIFIC UNION COLLEGE, CA US","38.573","-122.4405","522.7","2018-08",,,"0.00",",,,7","68.5",",7","82.6",",,,7","54.3",",,,7"
"USC00040212","ANGWIN PACIFIC UNION COLLEGE, CA US","38.573","-122.4405","522.7","2018-09",,,"0.00",",,,7","66.7",",7","80.9",",,,7","52.5",",,,7"
"USC00040212","ANGWIN PACIFIC UNION COLLEGE, CA US","38.573","-122.4405","522.7","2018-10",,,"1.44",",,,7","63.0",",7","73.9",",,,7","52.1",",,,7"
"USC00040212","ANGWIN PACIFIC UNION COLLEGE, CA US","38.573","-122.4405","522.7","2018-11",,,"5.13",",,,7","55.8",",7","63.9",",,,7","47.6",",,,7"
"USC00040212","ANGWIN PACIFIC UNION COLLEGE, CA US","38.573","-122.4405","522.7","2018-12",,,"3.75",",,,7","46.1",",7","52.8",",,,7","39.5",",,,7"
"USC00040212","ANGWIN PACIFIC UNION COLLEGE, CA US","38.573","-122.4405","522.7","2019-01",,,"10.93",",,,7","48.2",",7","54.7",",,,7","41.8",",,,7"
"USC00040212","ANGWIN PACIFIC UNION COLLEGE, CA US","38.573","-122.4405","522.7","2019-02",,,"20.21",",,,7","41.4",",7","47.3",",,,7","35.4",",,,7"
"USC00040212","ANGWIN PACIFIC UNION COLLEGE, CA US","38.573","-122.4405","522.7","2019-03",,,"8.01",",,,7","49.0",",7","57.3",",,,7","40.7",",,,7"
"USC00040212","ANGWIN PACIFIC UNION COLLEGE, CA US","38.573","-122.4405","522.7","2019-04",,,"1.27",",,,7","58.1",",7","68.8",",,,7","47.4",",,,7"
"USC00040212","ANGWIN PACIFIC UNION COLLEGE, CA US","38.573","-122.4405","522.7","2019-05",,,"3.87",",,,7","57.4",",7","70.2",",,,7","44.6",",,,7"
"USC00040212","ANGWIN PACIFIC UNION COLLEGE, CA US","38.573","-122.4405","522.7","2019-06",,,"0.00",",,,7","68.9",",7","83.9",",,,7","53.9",",,,7"
"USC00040212","ANGWIN PACIFIC UNION COLLEGE, CA US","38.573","-122.4405","522.7","2019-07",,,"0.00",",,,7","69.7","1,7","84.7",",,,7","54.7","1,,,7"
"USC00040212","ANGWIN PACIFIC UNION COLLEGE, CA US","38.573","-122.4405","522.7","2019-08",,,"0.00",",,,7","70.9",",7","84.7",",,,7","57.1",",,,7"
"USC00040212","ANGWIN PACIFIC UNION COLLEGE, CA US","38.573","-122.4405","522.7","2019-09",,,"0.10",",,,7","63.7",",7","75.6",",,,7","51.8",",,,7"
"USC00040212","ANGWIN PACIFIC UNION COLLEGE, CA US","38.573","-122.4405","522.7","2019-10",,,"0.00",",,,7","61.7",",7","73.3",",,,7","50.1",",,,7"
"USC00040212","ANGWIN PACIFIC UNION COLLEGE, CA US","38.573","-122.4405","522.7","2019-11",,,"1.58",",,,7","55.9",",7","65.5",",,,7","46.3",",,,7"
"USC00040212","ANGWIN PACIFIC UNION COLLEGE, CA US","38.573","-122.4405","522.7","2019-12",,,"12.45",",,,7","47.0",",7","51.8",",,,7","42.1",",,,7"
"USC00047643","SAINT HELENA, CA US","38.5066","-122.4713","68.6","2013-01",,,"1.13",",,,7","48.0",",7","60.3",",,,7","35.7",",,,7"
"USC00047643","SAINT HELENA, CA US","38.5066","-122.4713","68.6","2013-02",,,"0.26","2,,,7","51.9","2,7","65.8","2,,,7","38.0","2,,,7"
"USC00047643","SAINT HELENA, CA US","38.5066","-122.4713","68.6","2013-03",,,"0.36","1,,,7","56.8","1,7","69.9","1,,,7","43.7","1,,,7"
"USC00047643","SAINT HELENA, CA US","38.5066","-122.4713","68.6","2013-04",,,"1.00",",,,7","64.0",",7","78.1",",,,7","49.9",",,,7"
"USC00047643","SAINT HELENA, CA US","38.5066","-122.4713","68.6","2013-05",,,"0.00",",,,7","67.2",",7","81.8",",,,7","52.5",",,,7"
"USC00047643","SAINT HELENA, CA US","38.5066","-122.4713","68.6","2013-06",,,"0.97",",,,7","71.1",",7","86.8",",,,7","55.3",",,,7"
"USC00047643","SAINT HELENA, CA US","38.5066","-122.4713","68.6","2013-07",,,"0.00",",,,7","72.3",",7","88.5",",,,7","56.2",",,,7"
"USC00047643","SAINT HELENA, CA US","38.5066","-122.4713","68.6","2013-08",,,"0.00","2,,,7","71.9","2,7","87.5","2,,,7","56.3","2,,,7"
"USC00047643","SAINT HELENA, CA US","38.5066","-122.4713","68.6","2013-09",,,"0.45","1,,,7","70.0","1,7","85.0","1,,,7","55.1","1,,,7"
"USC00047643","SAINT HELENA, CA US","38.5066","-122.4713","68.6","2013-10",,,"0.00",",,,7","61.8","1,7","78.3",",,,7","45.3","1,,,7"
"USC00047643","SAINT HELENA, CA US","38.5066","-122.4713","68.6","2013-11",,,"0.55","1,,,7","56.9","1,7","69.8","1,,,7","44.1","1,,,7"
"USC00047643","SAINT HELENA, CA US","38.5066","-122.4713","68.6","2013-12",,,"0.00",",,,7","49.1",",7","64.1",",,,7","34.2",",,,7"
"USC00047643","SAINT HELENA, CA US","38.5066","-122.4713","68.6","2014-01",,,"0.04",",,,7","54.8",",7","70.5",",,,7","39.0",",,,7"
"USC00047643","SAINT HELENA, CA US","38.5066","-122.4713","68.6","2014-02",,,"12.12",",,,7","53.2",",7","62.4",",,,7","44.0",",,,7"
"USC00047643","SAINT HELENA, CA US","38.5066","-122.4713","68.6","2014-03",,,"3.62","1,,,7","59.0","1,7","70.8","1,,,7","47.1","1,,,7"
"USC00047643","SAINT HELENA, CA US","38.5066","-122.4713","68.6","2014-04",,,"1.37",",,,7","61.7",",7","75.5",",,,7","47.9",",,,7"
"USC00047643","SAINT HELENA, CA US","38.5066","-122.4713","68.6","2014-05",,,"0.00","1,,,7","67.2","2,7","83.0","2,,,7","51.4","2,,,7"
"USC00047643","SAINT HELENA, CA US","38.5066","-122.4713","68.6","2014-06",,,"0.00",",,,7","71.0",",7","87.9",",,,7","54.0",",,,7"
"USC00047643","SAINT HELENA, CA US","38.5066","-122.4713","68.6","2014-07",,,"0.00",",,,7","73.5",",7","88.7",",,,7","58.2",",,,7"
"USC00047643","SAINT HELENA, CA US","38.5066","-122.4713","68.6","2014-08",,,"0.01",",,,7","72.0",",7","86.8",",,,7","57.3",",,,7"
"USC00047643","SAINT HELENA, CA US","38.5066","-122.4713","68.6","2014-09",,,"0.16",",,,7","71.2",",7","86.4",",,,7","56.0",",,,7"
"USC00047643","SAINT HELENA, CA US","38.5066","-122.4713","68.6","2014-10",,,"1.06",",,,7","66.4",",7","81.3",",,,7","51.5",",,,7"
"USC00047643","SAINT HELENA, CA US","38.5066","-122.4713","68.6","2014-11",,,"2.48",",,,7","57.1",",7","68.2",",,,7","46.0",",,,7"
"USC00047643","SAINT HELENA, CA US","38.5066","-122.4713","68.6","2014-12",,,"17.08",",,,7","52.9",",7","58.8",",,,7","47.0",",,,7"
"USC00047643","SAINT HELENA, CA US","38.5066","-122.4713","68.6","2015-01",,,"0.03","1,,,7","53.2","2,7","65.3","1,,,7","41.1","2,,,7"
"USC00047643","SAINT HELENA, CA US","38.5066","-122.4713","68.6","2015-02",,,"6.13",",,,7","57.8",",7","69.5",",,,7","46.0",",,,7"
"USC00047643","SAINT HELENA, CA US","38.5066","-122.4713","68.6","2015-03",,,"0.30",",,,7","61.2",",7","76.4",",,,7","46.1",",,,7"
"USC00047643","SAINT HELENA, CA US","38.5066","-122.4713","68.6","2015-04",,,"1.43",",,,7","61.2",",7","75.2",",,,7","47.3",",,,7"
"USC00047643","SAINT HELENA, CA US","38.5066","-122.4713","68.6","2015-05",,,"0.04",",,,7","62.9",",7","75.4",",,,7","50.3",",,,7"
"USC00047643","SAINT HELENA, CA US","38.5066","-122.4713","68.6","2015-06",,,"0.04",",,,7","71.8",",7","89.0",",,,7","54.6",",,,7"
"USC00047643","SAINT HELENA, CA US","38.5066","-122.4713","68.6","2015-07",,,"0.06",",,,7","73.3","1,7","88.1",",,,7","58.5","1,,,7"
"USC00047643","SAINT HELENA, CA US","38.5066","-122.4713","68.6","2015-08",,,"0.00",",,,7","74.1",",7","90.3",",,,7","57.9",",,,7"
"USC00047643","SAINT HELENA, CA US","38.5066","-122.4713","68.6","2015-09",,,"0.25",",,,7","72.5",",7","89.6",",,,7","55.4",",,,7"
"USC00047643","SAINT HELENA, CA US","38.5066","-122.4713","68.6","2015-10",,,"0.11",",,,7","68.3",",7","83.9",",,,7","52.7",",,,7"
"USC00047643","SAINT HELENA, CA US","38.5066","-122.4713","68.6","2015-11",,,"1.47",",,,7","53.3",",7","65.8",",,,7","40.9",",,,7"
"USC00047643","SAINT HELENA, CA US","38.5066","-122.4713","68.6","2015-12",,,"3.33",",,,7","48.0",",7","56.6",",,,7","39.5",",,,7"
"USC00047643","SAINT HELENA, CA US","38.5066","-122.4713","68.6","2016-01",,,"9.02",",,,7","50.1","1,7","56.6","1,,,7","43.5","1,,,7"
"USC00047643","SAINT HELENA, CA US","38.5066","-122.4713","68.6","2016-02",,,"1.79",",,,7","56.9","1,7","69.6",",,,7","44.1","1,,,7"
"USC00047643","SAINT HELENA, CA US","38.5066","-122.4713","68.6","2016-03",,,"10.07",",,,7","56.5",",7","66.7",",,,7","46.3",",,,7"
"USC00047643","SAINT HELENA, CA US","38.5066","-122.4713","68.6","2016-04",,,"1.36",",,,7","62.1","1,7","74.9",",,,7","49.3","1,,,7"
"USC00047643","SAINT HELENA, CA US","38.5066","-122.4713","68.6","2016-05",,,"0.46",",,,7","65.6",",7","78.3",",,,7","52.8",",,,7"
"USC00047643","SAINT HELENA, CA US","38.5066","-122.4713","68.6","2016-06",,,"0.00",",,,7","71.7",",7","88.4",",,,7","55.0",",,,7"
"USC00047643","SAINT HELENA, CA US","38.5066","-122.4713","68.6","2016-07",,,"0.00",",,,7","71.8",",7","88.9",",,,7","54.8",",,,7"
"USC00047643","SAINT HELENA, CA US","38.5066","-122.4713","68.6","2016-08",,,"0.00",",,,7","71.4","1,7","87.3",",,,7","55.5","1,,,7"
"USC00047643","SAINT HELENA, CA US","38.5066","-122.4713","68.6","2016-09",,,"0.00",",,,7","70.3",",7","87.0",",,,7","53.5",",,,7"
"USC00047643","SAINT HELENA, CA US","38.5066","-122.4713","68.6","2016-10",,,"5.89",",,,7","62.0",",7","72.9",",,,7","51.2",",,,7"
"USC00047643","SAINT HELENA, CA US","38.5066","-122.4713","68.6","2016-11",,,"1.18",",,,7","56.5",",7","67.1",",,,7","45.9",",,,7"
"USC00047643","SAINT HELENA, CA US","38.5066","-122.4713","68.6","2016-12",,,"3.41",",,,7","48.3",",7","59.0",",,,7","37.7",",,,7"
"USC00047643","SAINT HELENA, CA US","38.5066","-122.4713","68.6","2017-01",,,"17.70",",,,7","48.2",",7","57.3",",,,7","39.1",",,,7"
"USC00047643","SAINT HELENA, CA US","38.5066","-122.4713","68.6","2017-02",,,"9.00",",,,7","52.7","1,7","60.5","1,,,7","44.8",",,,7"
"USC00047643","SAINT HELENA, CA US","38.5066","-122.4713","68.6","2017-03",,,"2.65",",,,7","57.7",",7","69.3",",,,7","46.1",",,,7"
"USC00047643","SAINT HELENA, CA US","38.5066","-122.4713","68.6","2017-04",,,"1.63",",,,7","58.8",",7","70.4",",,,7","47.2",",,,7"
"USC00047643","SAINT HELENA, CA US","38.5066","-122.4713","68.6","2017-05",,,"0.00",",,,7","66.2",",7","80.9",",,,7","51.5",",,,7"
"USC00047643","SAINT HELENA, CA US","38.5066","-122.4713","68.6","2017-06",,,"0.16",",,,7","71.9",",7","88.1",",,,7","55.8",",,,7"
"USC00047643","SAINT HELENA, CA US","38.5066","-122.4713","68.6","2017-07",,,"0.00",",,,7","75.4",",7","93.8",",,,7","57.0",",,,7"
"USC00047643","SAINT HELENA, CA US","38.5066","-122.4713","68.6","2017-08",,,"0.00",",,,7","74.6","1,7","90.4","1,,,7","58.8","1,,,7"
"USC00047643","SAINT HELENA, CA US","38.5066","-122.4713","68.6","2017-09",,,"0.04",",,,7","73.0",",7","88.2",",,,7","57.9",",,,7"
"USC00047643","SAINT HELENA, CA US","38.5066","-122.4713","68.6","2017-10",,,"0.01",",,,7","65.7",",7","82.5",",,,7","48.8",",,,7"
"USC00047643","SAINT HELENA, CA US","38.5066","-122.4713","68.6","2017-11",,,"0.89",",,,7","55.4",",7","64.9",",,,7","45.8",",,,7"
"USC00047643","SAINT HELENA, CA US","38.5066","-122.4713","68.6","2017-12",,,"0.08",",,,7","51.4",",7","64.8",",,,7","38.1",",,,7"
"USC00047643","SAINT HELENA, CA US","38.5066","-122.4713","68.6","2018-01",,,"4.76",",,,7","52.2",",7","61.2",",,,7","43.2",",,,7"
"USC00047643","SAINT HELENA, CA US","38.5066","-122.4713","68.6","2018-02",,,"0.19",",,,7","53.6",",7","67.0",",,,7","40.2",",,,7"
"USC00047643","SAINT HELENA, CA US","38.5066","-122.4713","68.6","2018-03",,,"7.07",",,,7","53.3",",7","64.9",",,,7","41.7",",,,7"
"USC00047643","SAINT HELENA, CA US","38.5066","-122.4713","68.6","2018-04",,,"2.76",",,,7","59.1",",7","71.8",",,,7","46.3",",,,7"
"USC00047643","SAINT HELENA, CA US","38.5066","-122.4713","68.6","2018-05",,,"0.20",",,,7","64.7",",7","77.8",",,,7","51.7",",,,7"
"USC00047643","SAINT HELENA, CA US","38.5066","-122.4713","68.6","2018-06",,,"0.00",",,,7","71.4",",7","88.6",",,,7","54.1",",,,7"
"USC00047643","SAINT HELENA, CA US","38.5066","-122.4713","68.6","2018-07",,,"0.00",",,,7","74.9",",7","92.4",",,,7","57.3",",,,7"
"USC00047643","SAINT HELENA, CA US","38.5066","-122.4713","68.6","2018-08",,,"0.00",",,,7","72.0",",7","88.4",",,,7","55.6",",,,7"
"USC00047643","SAINT HELENA, CA US","38.5066","-122.4713","68.6","2018-09",,,"0.00",",,,7","69.8",",7","87.4",",,,7","52.3",",,,7"
"USC00047643","SAINT HELENA, CA US","38.5066","-122.4713","68.6","2018-10",,,"0.85",",,,7","65.6",",7","80.1",",,,7","51.1",",,,7"
"USC00047643","SAINT HELENA, CA US","38.5066","-122.4713","68.6","2018-11",,,"4.04",",,,7","57.9",",7","71.5",",,,7","44.4",",,,7"
"USC00047643","SAINT HELENA, CA US","38.5066","-122.4713","68.6","2018-12",,,"2.26",",,,7","50.7",",7","60.1",",,,7","41.3",",,,7"
"USC00047643","SAINT HELENA, CA US","38.5066","-122.4713","68.6","2019-01",,,"1.18",",,,7","52.3",",7","60.9",",,,7","43.6",",,,7"
"USC00047643","SAINT HELENA, CA US","38.5066","-122.4713","68.6","2019-02",,,"15.20",",,,7","47.9",",7","55.5",",,,7","40.2",",,,7"
"USC00047643","SAINT HELENA, CA US","38.5066","-122.4713","68.6","2019-03",,,"5.69",",,,7","54.4",",7","64.6",",,,7","44.1",",,,7"
"USC00047643","SAINT HELENA, CA US","38.5066","-122.4713","68.6","2019-04",,,"0.75",",,,7","63.3",",7","75.2",",,,7","51.3",",,,7"
"USC00047643","SAINT HELENA, CA US","38.5066","-122.4713","68.6","2019-05",,,"0.00",",,,7",,,,,,
"USC00047643","SAINT HELENA, CA US","38.5066","-122.4713","68.6","2019-06",,,"0.00",",,,7",,,,,,
"USC00047643","SAINT HELENA, CA US","38.5066","-122.4713","68.6","2019-07",,,"0.00",",,,7","71.5","3,7","89.5","3,,,7","53.4","3,,,7"
"USC00047643","SAINT HELENA, CA US","38.5066","-122.4713","68.6","2019-08",,,"0.00",",,,7","74.9","4,7","92.3","4,,,7","57.4","4,,,7"
"USC00047643","SAINT HELENA, CA US","38.5066","-122.4713","68.6","2019-09",,,"0.00",",,,7","70.1","3,7","88.0","3,,,7","52.1","3,,,7"
"USC00047643","SAINT HELENA, CA US","38.5066","-122.4713","68.6","2019-10",,,"0.00",",,,7","60.5","2,7","79.7","2,,,7","41.3","2,,,7"
"USC00047643","SAINT HELENA, CA US","38.5066","-122.4713","68.6","2019-11",,,"0.00",",,,7",,,"71.1","4,,,7",,
"USC00047643","SAINT HELENA, CA US","38.5066","-122.4713","68.6","2019-12",,,"1.20",",,,7","50.9","4,7","59.7","4,,,7","42.1","4,,,7"
